ordinal,facad_analysis_name,facad_run_id,facad_editor_state,facad_measurements_extraction,facad_patient_calculation,facad_clinical_parity,dc_candidate_pack_id,dc_candidate_contract_refs,existing_facad_dc_mapping_profile,existing_mapping_label_count,evidence_document_path,evidence_document_blob_sha,mapping_class,facad_exact_composition,geometry_equivalence,normative_equivalence,scientific_acceptance,review_note
"1","ABO","37914743636","EDITOR_DEFINITION_LOADED_NOT_SAVED","RAW_UIA_11_GRID_ROWS_11_FACTORS_0_HEADINGS_6_LINES_29_MARKERS","NOT_TESTED","NOT_TESTED","","","","0","","","NO_REPO_MAPPING","UNVERIFIED","UNVERIFIED","NOT_ACTIVATED","NOT_CERTIFIED","No exact Facad→DC mapping recorded in consulted canonical registries; not proof of absent scientific literature."
"2","Airway (FH)","37951785899","EDITOR_DEFINITION_LOADED_NOT_SAVED","RAW_UIA_6_FACTORS_0_HEADINGS_8_LINES_15_MARKERS","NOT_TESTED","NOT_TESTED","","","","0","","","NO_REPO_MAPPING","UNVERIFIED","UNVERIFIED","NOT_ACTIVATED","NOT_CERTIFIED","No exact Facad→DC mapping recorded in consulted canonical registries; not proof of absent scientific literature."
"3","Airway (McNamara)","37914729075","EDITOR_DEFINITION_LOADED_NOT_SAVED","RAW_UIA_6_GRID_ROWS_6_FACTORS_0_HEADINGS_3_LINES_10_MARKERS","NOT_TESTED","NOT_TESTED","","","","0","","","NO_REPO_MAPPING","UNVERIFIED","UNVERIFIED","NOT_ACTIVATED","NOT_CERTIFIED","Distinct Airway analysis; never auto-alias to McNamara."
"4","Airway (Mochida)","37951785888","EDITOR_DEFINITION_LOADED_NOT_SAVED","RAW_UIA_5_FACTORS_0_HEADINGS_7_LINES_15_MARKERS","NOT_TESTED","NOT_TESTED","","","","0","","","NO_REPO_MAPPING","UNVERIFIED","UNVERIFIED","NOT_ACTIVATED","NOT_CERTIFIED","No exact Facad→DC mapping recorded in consulted canonical registries; not proof of absent scientific literature."
"5","Airway (NL)","37951785996","EDITOR_DEFINITION_LOADED_NOT_SAVED","RAW_UIA_8_FACTORS_0_HEADINGS_11_LINES_22_MARKERS","NOT_TESTED","NOT_TESTED","","","","0","","","NO_REPO_MAPPING","UNVERIFIED","UNVERIFIED","NOT_ACTIVATED","NOT_CERTIFIED","No exact Facad→DC mapping recorded in consulted canonical registries; not proof of absent scientific literature."
"6","Alexander","37951786073","EDITOR_DEFINITION_LOADED_NOT_SAVED","RAW_UIA_17_FACTORS_0_HEADINGS_10_LINES_29_MARKERS","NOT_TESTED","NOT_TESTED","","","","0","","","NO_REPO_MAPPING","UNVERIFIED","UNVERIFIED","NOT_ACTIVATED","NOT_CERTIFIED","No exact Facad→DC mapping recorded in consulted canonical registries; not proof of absent scientific literature."
"7","AM Schwarz","37951786057","EDITOR_DEFINITION_LOADED_NOT_SAVED","RAW_UIA_17_FACTORS_0_HEADINGS_9_LINES_32_MARKERS","NOT_TESTED","NOT_TESTED","","","","0","","","NO_REPO_MAPPING","UNVERIFIED","UNVERIFIED","NOT_ACTIVATED","NOT_CERTIFIED","No exact Facad→DC mapping recorded in consulted canonical registries; not proof of absent scientific literature."
"8","Ancell","37957532550","EDITOR_DEFINITION_LOADED_NOT_SAVED","RAW_UIA_10_FACTORS_0_HEADINGS_16_LINES_34_MARKERS","NOT_TESTED","NOT_TESTED","","","","0","","","NO_REPO_MAPPING","UNVERIFIED","UNVERIFIED","NOT_ACTIVATED","NOT_CERTIFIED","No exact Facad→DC mapping recorded in consulted canonical registries; not proof of absent scientific literature."
"9","Arnett STCA (female)","37914719024","EDITOR_DEFINITION_LOADED_NOT_SAVED","RAW_UIA_38_GRID_ROWS_38_FACTORS_0_HEADINGS_4_LINES_30_MARKERS","NOT_TESTED","NOT_TESTED","","","","0","","","NO_REPO_MAPPING","UNVERIFIED","UNVERIFIED","NOT_ACTIVATED","NOT_CERTIFIED","No exact Facad→DC mapping recorded in consulted canonical registries; not proof of absent scientific literature."
"10","Arnett STCA (male)","37914723547","EDITOR_DEFINITION_LOADED_NOT_SAVED","RAW_UIA_38_GRID_ROWS_38_FACTORS_0_HEADINGS_4_LINES_30_MARKERS","NOT_TESTED","NOT_TESTED","","","","0","","","NO_REPO_MAPPING","UNVERIFIED","UNVERIFIED","NOT_ACTIVATED","NOT_CERTIFIED","No exact Facad→DC mapping recorded in consulted canonical registries; not proof of absent scientific literature."
"11","Arnett STCA Midface (female)","37948363481","EDITOR_DEFINITION_LOADED_NOT_SAVED","RAW_UIA_6_FACTORS_1_LINES_7_MARKERS","NOT_TESTED","NOT_TESTED","","","","0","","","NO_REPO_MAPPING","UNVERIFIED","UNVERIFIED","NOT_ACTIVATED","NOT_CERTIFIED","No exact Facad→DC mapping recorded in consulted canonical registries; not proof of absent scientific literature."
"12","Arnett STCA Midface (male)","37948363686","EDITOR_DEFINITION_LOADED_NOT_SAVED","RAW_UIA_6_FACTORS_1_LINES_7_MARKERS","NOT_TESTED","NOT_TESTED","","","","0","","","NO_REPO_MAPPING","UNVERIFIED","UNVERIFIED","NOT_ACTIVATED","NOT_CERTIFIED","No exact Facad→DC mapping recorded in consulted canonical registries; not proof of absent scientific literature."
"13","Basel 2013","37951785827","EDITOR_DEFINITION_LOADED_NOT_SAVED","RAW_UIA_27_FACTORS_9_HEADINGS_7_LINES_35_MARKERS","NOT_TESTED","NOT_TESTED","","","","0","","","NO_REPO_MAPPING","UNVERIFIED","UNVERIFIED","NOT_ACTIVATED","NOT_CERTIFIED","No exact Facad→DC mapping recorded in consulted canonical registries; not proof of absent scientific literature."
"14","Bergen","37914715358","EDITOR_DEFINITION_LOADED_NOT_SAVED","RAW_UIA_27_GRID_ROWS_22_FACTORS_5_HEADINGS_8_LINES_30_MARKERS","NOT_TESTED","NOT_TESTED","","","","0","","","NO_REPO_MAPPING","UNVERIFIED","UNVERIFIED","NOT_ACTIVATED","NOT_CERTIFIED","No exact Facad→DC mapping recorded in consulted canonical registries; not proof of absent scientific literature."
"15","Bergen short","37914622966","EDITOR_DEFINITION_LOADED_NOT_SAVED","RAW_UIA_12_GRID_ROWS_12_FACTORS_0_HEADINGS_4_LINES_28_MARKERS","NOT_TESTED","NOT_TESTED","","","","0","","","NO_REPO_MAPPING","UNVERIFIED","UNVERIFIED","NOT_ACTIVATED","NOT_CERTIFIED","No exact Facad→DC mapping recorded in consulted canonical registries; not proof of absent scientific literature."
"16","Bern analysis","37951785861","EDITOR_DEFINITION_LOADED_NOT_SAVED","RAW_UIA_38_FACTORS_1_HEADINGS_13_LINES_37_MARKERS","NOT_TESTED","NOT_TESTED","","","","0","","","NO_REPO_MAPPING","UNVERIFIED","UNVERIFIED","NOT_ACTIVATED","NOT_CERTIFIED","No exact Facad→DC mapping recorded in consulted canonical registries; not proof of absent scientific literature."
"17","Bern University","37957532753","EDITOR_DEFINITION_LOADED_NOT_SAVED","RAW_UIA_36_FACTORS_1_HEADINGS_8_LINES_37_MARKERS","NOT_TESTED","NOT_TESTED","","","","0","","","NO_REPO_MAPPING","UNVERIFIED","UNVERIFIED","NOT_ACTIVATED","NOT_CERTIFIED","No exact Facad→DC mapping recorded in consulted canonical registries; not proof of absent scientific literature."
"18","Bimler","37951785879","EDITOR_DEFINITION_LOADED_NOT_SAVED","RAW_UIA_30_FACTORS_0_HEADINGS_15_LINES_41_MARKERS","NOT_TESTED","NOT_TESTED","","","","0","","","NO_REPO_MAPPING","UNVERIFIED","UNVERIFIED","NOT_ACTIVATED","NOT_CERTIFIED","No exact Facad→DC mapping recorded in consulted canonical registries; not proof of absent scientific literature."
"19","Bjork","37914735062","EDITOR_DEFINITION_LOADED_NOT_SAVED","RAW_UIA_27_GRID_ROWS_27_FACTORS_0_HEADINGS_4_LINES_28_MARKERS","NOT_TESTED","NOT_TESTED","","","","0","","","NO_REPO_MAPPING","UNVERIFIED","UNVERIFIED","NOT_ACTIVATED","NOT_CERTIFIED","No exact Facad→DC mapping recorded in consulted canonical registries; not proof of absent scientific literature."
"20","Bjork-DK","37951013922","EDITOR_DEFINITION_LOADED_NOT_SAVED","RAW_UIA_17_FACTORS_0_HEADINGS_7_LINES_34_MARKERS","NOT_TESTED","NOT_TESTED","","","","0","","","NO_REPO_MAPPING","UNVERIFIED","UNVERIFIED","NOT_ACTIVATED","NOT_CERTIFIED","No exact Facad→DC mapping recorded in consulted canonical registries; not proof of absent scientific literature."
"21","Bjork-DK-extended","37951013805","EDITOR_DEFINITION_LOADED_NOT_SAVED","RAW_UIA_24_FACTORS_0_HEADINGS_8_LINES_36_MARKERS","NOT_TESTED","NOT_TESTED","","","","0","","","NO_REPO_MAPPING","UNVERIFIED","UNVERIFIED","NOT_ACTIVATED","NOT_CERTIFIED","No exact Facad→DC mapping recorded in consulted canonical registries; not proof of absent scientific literature."
"22","Bjork-Tiops","37957532699","EDITOR_DEFINITION_LOADED_NOT_SAVED","RAW_UIA_33_FACTORS_5_HEADINGS_19_LINES_42_MARKERS","NOT_TESTED","NOT_TESTED","","","","0","","","NO_REPO_MAPPING","UNVERIFIED","UNVERIFIED","NOT_ACTIVATED","NOT_CERTIFIED","No exact Facad→DC mapping recorded in consulted canonical registries; not proof of absent scientific literature."
"23","Bjork-Tiops (female-11)","37957532439","EDITOR_DEFINITION_LOADED_NOT_SAVED","RAW_UIA_33_FACTORS_5_HEADINGS_19_LINES_42_MARKERS","NOT_TESTED","NOT_TESTED","","","","0","","","NO_REPO_MAPPING","UNVERIFIED","UNVERIFIED","NOT_ACTIVATED","NOT_CERTIFIED","No exact Facad→DC mapping recorded in consulted canonical registries; not proof of absent scientific literature."
"24","Bjork-Tiops (male-12)","37957532922","EDITOR_DEFINITION_LOADED_NOT_SAVED","RAW_UIA_33_FACTORS_5_HEADINGS_19_LINES_42_MARKERS","NOT_TESTED","NOT_TESTED","","","","0","","","NO_REPO_MAPPING","UNVERIFIED","UNVERIFIED","NOT_ACTIVATED","NOT_CERTIFIED","No exact Facad→DC mapping recorded in consulted canonical registries; not proof of absent scientific literature."
"25","Burstone (female)","37948363584","EDITOR_DEFINITION_LOADED_NOT_SAVED","RAW_UIA_23_FACTORS_8_LINES_33_MARKERS","NOT_TESTED","NOT_TESTED","","","","0","","","NO_REPO_MAPPING","UNVERIFIED","UNVERIFIED","NOT_ACTIVATED","NOT_CERTIFIED","No exact Facad→DC mapping recorded in consulted canonical registries; not proof of absent scientific literature."
"26","Burstone (male)","37948363857","EDITOR_DEFINITION_LOADED_NOT_SAVED","RAW_UIA_23_FACTORS_8_LINES_33_MARKERS","NOT_TESTED","NOT_TESTED","","","","0","","","NO_REPO_MAPPING","UNVERIFIED","UNVERIFIED","NOT_ACTIVATED","NOT_CERTIFIED","No exact Facad→DC mapping recorded in consulted canonical registries; not proof of absent scientific literature."
"27","Downs","37948363599","EDITOR_DEFINITION_LOADED_NOT_SAVED","RAW_UIA_10_FACTORS_5_LINES_29_MARKERS","NOT_TESTED","NOT_TESTED","DOWNS_V1","DOWNS_1948_CORE_V1","Downs","5","docs/audits/schemas/ortho_lot08_facad_dc_existing_protocol_mapping_v1.json","d5586b2595aede60da502c4de72a903df83c55e6","EXACT_NAMED_MAPPING_UNVERIFIED","UNVERIFIED","UNVERIFIED","NOT_ACTIVATED","NOT_CERTIFIED","Existing per-label mappings are candidates/aliases only; exact composition, geometry and norms unverified."
"28","EAIO","37957532651","EDITOR_DEFINITION_LOADED_NOT_SAVED","RAW_UIA_27_FACTORS_5_HEADINGS_10_LINES_33_MARKERS","NOT_TESTED","NOT_TESTED","","","","0","","","NO_REPO_MAPPING","UNVERIFIED","UNVERIFIED","NOT_ACTIVATED","NOT_CERTIFIED","No exact Facad→DC mapping recorded in consulted canonical registries; not proof of absent scientific literature."
"29","Facad Mini","37957532539","EDITOR_DEFINITION_LOADED_NOT_SAVED","RAW_UIA_7_FACTORS_0_HEADINGS_2_LINES_26_MARKERS","NOT_TESTED","NOT_TESTED","","","","0","","","NO_REPO_MAPPING","UNVERIFIED","UNVERIFIED","NOT_ACTIVATED","NOT_CERTIFIED","No exact Facad→DC mapping recorded in consulted canonical registries; not proof of absent scientific literature."
"30","Geneve","37957532517","EDITOR_DEFINITION_LOADED_NOT_SAVED","RAW_UIA_19_FACTORS_0_HEADINGS_7_LINES_29_MARKERS","NOT_TESTED","NOT_TESTED","","","","0","","","NO_REPO_MAPPING","UNVERIFIED","UNVERIFIED","NOT_ACTIVATED","NOT_CERTIFIED","No exact Facad→DC mapping recorded in consulted canonical registries; not proof of absent scientific literature."
"31","HarmonyBox","37957532281","EDITOR_DEFINITION_LOADED_NOT_SAVED","RAW_UIA_8_FACTORS_0_HEADINGS_3_LINES_26_MARKERS","NOT_TESTED","NOT_TESTED","","","","0","","","NO_REPO_MAPPING","UNVERIFIED","UNVERIFIED","NOT_ACTIVATED","NOT_CERTIFIED","No exact Facad→DC mapping recorded in consulted canonical registries; not proof of absent scientific literature."
"32","Harvold","37957533614","EDITOR_DEFINITION_LOADED_NOT_SAVED","RAW_UIA_4_FACTORS_0_HEADINGS_0_LINES_5_MARKERS","NOT_TESTED","NOT_TESTED","","","","0","","","NO_REPO_MAPPING","UNVERIFIED","UNVERIFIED","NOT_ACTIVATED","NOT_CERTIFIED","No exact Facad→DC mapping recorded in consulted canonical registries; not proof of absent scientific literature."
"33","Hasund","37951013876","EDITOR_DEFINITION_LOADED_NOT_SAVED","RAW_UIA_35_FACTORS_6_HEADINGS_9_LINES_31_MARKERS","NOT_TESTED","NOT_TESTED","","","","0","","","NO_REPO_MAPPING","UNVERIFIED","UNVERIFIED","NOT_ACTIVATED","NOT_CERTIFIED","No exact Facad→DC mapping recorded in consulted canonical registries; not proof of absent scientific literature."
"34","Hasund regression","37951013993","EDITOR_DEFINITION_LOADED_NOT_SAVED","RAW_UIA_54_FACTORS_0_HEADINGS_2_LINES_25_MARKERS","NOT_TESTED","NOT_TESTED","","","","0","","","NO_REPO_MAPPING","UNVERIFIED","UNVERIFIED","NOT_ACTIVATED","NOT_CERTIFIED","No exact Facad→DC mapping recorded in consulted canonical registries; not proof of absent scientific literature."
"35","Holdaway Soft","37948363944","EDITOR_DEFINITION_LOADED_NOT_SAVED","RAW_UIA_12_FACTORS_5_LINES_27_MARKERS","NOT_TESTED","NOT_TESTED","","","","0","","","NO_REPO_MAPPING","UNVERIFIED","UNVERIFIED","NOT_ACTIVATED","NOT_CERTIFIED","No exact Facad→DC mapping recorded in consulted canonical registries; not proof of absent scientific literature."
"36","Jarabak","37948363976","EDITOR_DEFINITION_LOADED_NOT_SAVED","RAW_UIA_32_FACTORS_7_LINES_29_MARKERS","NOT_TESTED","NOT_TESTED","","","","0","","","NO_REPO_MAPPING","UNVERIFIED","UNVERIFIED","NOT_ACTIVATED","NOT_CERTIFIED","No exact Facad→DC mapping recorded in consulted canonical registries; not proof of absent scientific literature."
"37","Jefferson-Sassouni","37957532509","EDITOR_DEFINITION_LOADED_NOT_SAVED","RAW_UIA_11_FACTORS_0_HEADINGS_11_LINES_30_MARKERS","NOT_TESTED","NOT_TESTED","","","","0","","","NO_REPO_MAPPING","UNVERIFIED","UNVERIFIED","NOT_ACTIVATED","NOT_CERTIFIED","No exact Facad→DC mapping recorded in consulted canonical registries; not proof of absent scientific literature."
"38","Legan-Burstone Surgical","37948363398","EDITOR_DEFINITION_LOADED_NOT_SAVED","RAW_UIA_17_FACTORS_6_LINES_25_MARKERS","NOT_TESTED","NOT_TESTED","","","","0","","","NO_REPO_MAPPING","UNVERIFIED","UNVERIFIED","NOT_ACTIVATED","NOT_CERTIFIED","No exact Facad→DC mapping recorded in consulted canonical registries; not proof of absent scientific literature."
"39","Mahony FFG","37957532369","EDITOR_DEFINITION_LOADED_NOT_SAVED","RAW_UIA_44_FACTORS_2_HEADINGS_17_LINES_38_MARKERS","NOT_TESTED","NOT_TESTED","","","","0","","","NO_REPO_MAPPING","UNVERIFIED","UNVERIFIED","NOT_ACTIVATED","NOT_CERTIFIED","No exact Facad→DC mapping recorded in consulted canonical registries; not proof of absent scientific literature."
"40","Mahony FFG + soft","37951013982","EDITOR_DEFINITION_LOADED_NOT_SAVED","RAW_UIA_53_FACTORS_3_HEADINGS_17_LINES_39_MARKERS","NOT_TESTED","NOT_TESTED","","","","0","","","NO_REPO_MAPPING","UNVERIFIED","UNVERIFIED","NOT_ACTIVATED","NOT_CERTIFIED","No exact Facad→DC mapping recorded in consulted canonical registries; not proof of absent scientific literature."
"41","McGann","37957532521","EDITOR_DEFINITION_LOADED_NOT_SAVED","RAW_UIA_19_FACTORS_0_HEADINGS_8_LINES_31_MARKERS","NOT_TESTED","NOT_TESTED","","","","0","","","NO_REPO_MAPPING","UNVERIFIED","UNVERIFIED","NOT_ACTIVATED","NOT_CERTIFIED","No exact Facad→DC mapping recorded in consulted canonical registries; not proof of absent scientific literature."
"42","McLaughlin","37957532438","EDITOR_DEFINITION_LOADED_NOT_SAVED","RAW_UIA_17_FACTORS_0_HEADINGS_7_LINES_30_MARKERS","NOT_TESTED","NOT_TESTED","","","","0","","","NO_REPO_MAPPING","UNVERIFIED","UNVERIFIED","NOT_ACTIVATED","NOT_CERTIFIED","No exact Facad→DC mapping recorded in consulted canonical registries; not proof of absent scientific literature."
"43","McNamara","37862652488","EDITOR_DEFINITION_LOADED_NOT_SAVED","RAW_UIA_TEXT_AND_SCREENSHOT_ONLY","NOT_TESTED","NOT_TESTED","MCNAMARA_V1","MCNAMARA_1984_SINGLE_FILM_V1","McNamara","4","docs/audits/schemas/ortho_lot08_facad_dc_existing_protocol_mapping_v1.json","d5586b2595aede60da502c4de72a903df83c55e6","EXACT_NAMED_MAPPING_UNVERIFIED","UNVERIFIED","UNVERIFIED","NOT_ACTIVATED","NOT_CERTIFIED","Existing per-label mappings are candidates/aliases only; exact composition, geometry and norms unverified."
"44","Oslo","37957532620","EDITOR_DEFINITION_LOADED_NOT_SAVED","RAW_UIA_24_FACTORS_3_HEADINGS_6_LINES_32_MARKERS","NOT_TESTED","NOT_TESTED","","","","0","","","NO_REPO_MAPPING","UNVERIFIED","UNVERIFIED","NOT_ACTIVATED","NOT_CERTIFIED","No exact Facad→DC mapping recorded in consulted canonical registries; not proof of absent scientific literature."
"45","Oslo Surgical","37951013880","EDITOR_DEFINITION_LOADED_NOT_SAVED","RAW_UIA_38_FACTORS_3_HEADINGS_6_LINES_34_MARKERS","NOT_TESTED","NOT_TESTED","","","","0","","","NO_REPO_MAPPING","UNVERIFIED","UNVERIFIED","NOT_ACTIVATED","NOT_CERTIFIED","No exact Facad→DC mapping recorded in consulted canonical registries; not proof of absent scientific literature."
"46","Pancherz-post","37951014008","EDITOR_DEFINITION_LOADED_NOT_SAVED","RAW_UIA_15_FACTORS_0_HEADINGS_2_LINES_11_MARKERS","NOT_TESTED","NOT_TESTED","","","","0","","","NO_REPO_MAPPING","UNVERIFIED","UNVERIFIED","NOT_ACTIVATED","NOT_CERTIFIED","No exact Facad→DC mapping recorded in consulted canonical registries; not proof of absent scientific literature."
"47","Pancherz-pre","37951014004","EDITOR_DEFINITION_LOADED_NOT_SAVED","RAW_UIA_15_FACTORS_0_HEADINGS_3_LINES_12_MARKERS","NOT_TESTED","NOT_TESTED","","","","0","","","NO_REPO_MAPPING","UNVERIFIED","UNVERIFIED","NOT_ACTIVATED","NOT_CERTIFIED","No exact Facad→DC mapping recorded in consulted canonical registries; not proof of absent scientific literature."
"48","Photo AM Schwarz","37957532617","EDITOR_DEFINITION_LOADED_NOT_SAVED","RAW_UIA_18_FACTORS_0_HEADINGS_4_LINES_10_MARKERS","NOT_TESTED","NOT_TESTED","","","","0","","","NO_REPO_MAPPING","UNVERIFIED","UNVERIFIED","NOT_ACTIVATED","NOT_CERTIFIED","No exact Facad→DC mapping recorded in consulted canonical registries; not proof of absent scientific literature."
"49","Quadrilateral DiPaolo","37957532660","EDITOR_DEFINITION_LOADED_NOT_SAVED","RAW_UIA_20_FACTORS_2_HEADINGS_13_LINES_12_MARKERS","NOT_TESTED","NOT_TESTED","","","","0","","","NO_REPO_MAPPING","UNVERIFIED","UNVERIFIED","NOT_ACTIVATED","NOT_CERTIFIED","No exact Facad→DC mapping recorded in consulted canonical registries; not proof of absent scientific literature."
"50","Rakosi","37957532320","EDITOR_DEFINITION_LOADED_NOT_SAVED","RAW_UIA_31_FACTORS_0_HEADINGS_14_LINES_32_MARKERS","NOT_TESTED","NOT_TESTED","","","","0","","","NO_REPO_MAPPING","UNVERIFIED","UNVERIFIED","NOT_ACTIVATED","NOT_CERTIFIED","No exact Facad→DC mapping recorded in consulted canonical registries; not proof of absent scientific literature."
"51","Ricketts","37865416188","EDITOR_DEFINITION_LOADED_NOT_SAVED","RAW_UIA_15_ROWS_15_DEFINITIONS_20_LINES_37_MARKERS","NOT_TESTED","NOT_TESTED","RICKETTS_V1","RICKETTS_1981_SUMMARY_DESCRIPTIVE_V1","","0","docs/audits/schemas/cephalo_vnext_lot06_analysis_pack_registry_v1.json","4bb0a6c6f40f3150a7959f154d4583ab07191894","NAME_ONLY_PROVISIONAL_PACK","UNVERIFIED","UNVERIFIED","NOT_ACTIVATED","NOT_CERTIFIED","Ricketts DC pack is explicitly provisional, not Facad Ricketts vendor composition."
"52","Ricketts (13 F)","37864557101","EDITOR_DEFINITION_LOADED_NOT_SAVED","RAW_UIA_17_ROWS_13_FACTORS_17_LINES_36_MARKERS","NOT_TESTED","NOT_TESTED","","","","0","docs/audits/CEPHALO_LOT08_RICKETTS_32_13_SOURCE_LOCK_MATRIX.md","dcf1c3c133bb933b197ae7a7a612475982bb65f0","RICKETTS_VENDOR_VARIANT_UNRESOLVED","UNVERIFIED","UNVERIFIED","NOT_ACTIVATED","NOT_CERTIFIED","Do not equate vendor factor counts with Atlas 2009 33/12 or Gregoret 1997 13; no direct composition parity."
"53","Ricketts (32 F)","37863549712","EDITOR_DEFINITION_LOADED_NOT_SAVED","RAW_UIA_38_GRID_ROWS_32_FACTORS_22_LINES_41_MARKERS","NOT_TESTED","NOT_TESTED","","","Ricketts (32 F)","6","docs/audits/CEPHALO_LOT08_RICKETTS_32_13_SOURCE_LOCK_MATRIX.md","dcf1c3c133bb933b197ae7a7a612475982bb65f0","RICKETTS_VENDOR_VARIANT_UNRESOLVED","UNVERIFIED","UNVERIFIED","NOT_ACTIVATED","NOT_CERTIFIED","Do not equate vendor factor counts with Atlas 2009 33/12 or Gregoret 1997 13; no direct composition parity."
"54","Ricketts acc G. Samson","37866339218","EDITOR_DEFINITION_LOADED_NOT_SAVED","RAW_UIA_27_GRID_ROWS_22_FACTORS_26_LINES_41_MARKERS","NOT_TESTED","NOT_TESTED","","","","0","docs/audits/CEPHALO_LOT08_RICKETTS_32_13_SOURCE_LOCK_MATRIX.md","dcf1c3c133bb933b197ae7a7a612475982bb65f0","RICKETTS_VENDOR_VARIANT_UNRESOLVED","UNVERIFIED","UNVERIFIED","NOT_ACTIVATED","NOT_CERTIFIED","Do not equate vendor factor counts with Atlas 2009 33/12 or Gregoret 1997 13; no direct composition parity."
"55","Ricketts Summary","37867888641","EDITOR_DEFINITION_LOADED_NOT_SAVED","RAW_UIA_8_GRID_ROWS_8_FACTORS_4_LINES_29_MARKERS","NOT_TESTED","NOT_TESTED","","","","0","docs/audits/CEPHALO_LOT08_RICKETTS_32_13_SOURCE_LOCK_MATRIX.md","dcf1c3c133bb933b197ae7a7a612475982bb65f0","RICKETTS_VENDOR_VARIANT_UNRESOLVED","UNVERIFIED","UNVERIFIED","NOT_ACTIVATED","NOT_CERTIFIED","Do not equate vendor factor counts with Atlas 2009 33/12 or Gregoret 1997 13; no direct composition parity."
"56","Roth-Jarabak","37868934136","EDITOR_DEFINITION_LOADED_NOT_SAVED","RAW_UIA_33_GRID_ROWS_33_FACTORS_7_LINES_29_MARKERS","NOT_TESTED","NOT_TESTED","","","","0","","","NO_REPO_MAPPING","UNVERIFIED","UNVERIFIED","NOT_ACTIVATED","NOT_CERTIFIED","No exact Facad→DC mapping recorded in consulted canonical registries; not proof of absent scientific literature."
"57","Sato Denture Frame","37885795048","EDITOR_DEFINITION_LOADED_NOT_SAVED","RAW_UIA_13_FACTORS_10_LINES_35_MARKERS","NOT_TESTED","NOT_TESTED","","","","0","","","NO_REPO_MAPPING","UNVERIFIED","UNVERIFIED","NOT_ACTIVATED","NOT_CERTIFIED","No exact Facad→DC mapping recorded in consulted canonical registries; not proof of absent scientific literature."
"58","Sato Denture Frame mod Kim","37907174679","EDITOR_DEFINITION_LOADED_NOT_SAVED","RAW_UIA_18_GRID_ROWS_17_FACTORS_1_HEADING_21_LINES_40_MARKERS","NOT_TESTED","NOT_TESTED","","","","0","","","NO_REPO_MAPPING","UNVERIFIED","UNVERIFIED","NOT_ACTIVATED","NOT_CERTIFIED","No exact Facad→DC mapping recorded in consulted canonical registries; not proof of absent scientific literature."
"59","Steiner","37857655276","EDITOR_OBSERVED_UNSAVED_IN_PARTIAL_FAILURE","RAW_UIA_TEXT_AND_SCREENSHOT_ONLY","NOT_TESTED","NOT_TESTED","STEINER_V1","STEINER_1953_CORE_V1;STEINER_1959_CLINICAL_EXTENSION_V1","Steiner","14","docs/audits/schemas/ortho_lot08_facad_dc_existing_protocol_mapping_v1.json","d5586b2595aede60da502c4de72a903df83c55e6","EXACT_NAMED_MAPPING_UNVERIFIED","UNVERIFIED","UNVERIFIED","NOT_ACTIVATED","NOT_CERTIFIED","Existing per-label mappings are candidates/aliases only; exact composition, geometry and norms unverified. Facad editor observed in partial failed run; verify source artifact independently."
"60","Trygde-analysen","37908245978","EDITOR_DEFINITION_LOADED_NOT_SAVED","RAW_UIA_3_FACTORS_2_LINES_9_MARKERS","NOT_TESTED","NOT_TESTED","","","","0","","","NO_REPO_MAPPING","UNVERIFIED","UNVERIFIED","NOT_ACTIVATED","NOT_CERTIFIED","No exact Facad→DC mapping recorded in consulted canonical registries; not proof of absent scientific literature."
"61","Tubingen","37958732410","EDITOR_DEFINITION_LOADED_NOT_SAVED","RAW_UIA_39_FACTORS_5_HEADINGS_9_LINES_32_MARKERS","NOT_TESTED","NOT_TESTED","","","","0","","","NO_REPO_MAPPING","UNVERIFIED","UNVERIFIED","NOT_ACTIVATED","NOT_CERTIFIED","Canonical ledger label Tubingen uses corrected Tübingen probe; retain alias provenance."
"62","Tweed","37861203066","EDITOR_DEFINITION_LOADED_NOT_SAVED","RAW_UIA_TEXT_AND_SCREENSHOT_ONLY","NOT_TESTED","NOT_TESTED","TWEED_DC_V1","DC_TWEED_ANATOMICAL_FH_VARIANT","Tweed","7","docs/audits/schemas/ortho_lot08_facad_dc_existing_protocol_mapping_v1.json","d5586b2595aede60da502c4de72a903df83c55e6","EXACT_NAMED_MAPPING_UNVERIFIED","UNVERIFIED","UNVERIFIED","NOT_ACTIVATED","NOT_CERTIFIED","Existing per-label mappings are candidates/aliases only; exact composition, geometry and norms unverified. DC pack specifically anatomical Frankfort variant."
"63","Wits appraisal","37914739084","EDITOR_DEFINITION_LOADED_NOT_SAVED","RAW_UIA_1_GRID_ROWS_1_FACTORS_0_HEADINGS_2_LINES_5_MARKERS","NOT_TESTED","NOT_TESTED","","","","0","","","NO_REPO_MAPPING","UNVERIFIED","UNVERIFIED","NOT_ACTIVATED","NOT_CERTIFIED","No exact Facad→DC mapping recorded in consulted canonical registries; not proof of absent scientific literature."
"64","Wylie","37957532916","EDITOR_DEFINITION_LOADED_NOT_SAVED","RAW_UIA_5_FACTORS_0_HEADINGS_2_LINES_28_MARKERS","NOT_TESTED","NOT_TESTED","","","","0","","","NO_REPO_MAPPING","UNVERIFIED","UNVERIFIED","NOT_ACTIVATED","NOT_CERTIFIED","No exact Facad→DC mapping recorded in consulted canonical registries; not proof of absent scientific literature."
"65","Zurich","37957532681","EDITOR_DEFINITION_LOADED_NOT_SAVED","RAW_UIA_30_FACTORS_0_HEADINGS_15_LINES_39_MARKERS","NOT_TESTED","NOT_TESTED","","","","0","","","NO_REPO_MAPPING","UNVERIFIED","UNVERIFIED","NOT_ACTIVATED","NOT_CERTIFIED","No exact Facad→DC mapping recorded in consulted canonical registries; not proof of absent scientific literature."
