facad_profile,facad_label,source_mapping_status,candidate_dc_measurement_id,candidate_dc_relationship_id,required_identity,forbidden_aliases,dc_id_registered_in_lot06,geometry_equivalence,numerical_parity,source_map_path,source_map_git_blob_sha,source_mapping_caveat
"Steiner","SNA","CANONICAL_LABEL_MATCH","M_SNA_DEG_V1","","","","TRUE","UNVERIFIED","NOT_TESTED","docs/audits/schemas/ortho_lot08_facad_dc_existing_protocol_mapping_v1.json","d5586b2595aede60da502c4de72a903df83c55e6","Exact label alone does not certify geometry/composition"
"Steiner","SNB","CANONICAL_LABEL_MATCH","M_SNB_DEG_V1","","","","TRUE","UNVERIFIED","NOT_TESTED","docs/audits/schemas/ortho_lot08_facad_dc_existing_protocol_mapping_v1.json","d5586b2595aede60da502c4de72a903df83c55e6","Exact label alone does not certify geometry/composition"
"Steiner","ANB","CANONICAL_LABEL_MATCH","M_ANB_DEG_V1","","","","TRUE","UNVERIFIED","NOT_TESTED","docs/audits/schemas/ortho_lot08_facad_dc_existing_protocol_mapping_v1.json","d5586b2595aede60da502c4de72a903df83c55e6","Exact label alone does not certify geometry/composition"
"Steiner","Is-NA","CANONICAL_LABEL_MATCH","M_U1_NA_MM_V1","","","","TRUE","UNVERIFIED","NOT_TESTED","docs/audits/schemas/ortho_lot08_facad_dc_existing_protocol_mapping_v1.json","d5586b2595aede60da502c4de72a903df83c55e6","Exact label alone does not certify geometry/composition"
"Steiner","ILs/NA","CANONICAL_LABEL_MATCH","M_U1_NA_DEG_V1","","","","TRUE","UNVERIFIED","NOT_TESTED","docs/audits/schemas/ortho_lot08_facad_dc_existing_protocol_mapping_v1.json","d5586b2595aede60da502c4de72a903df83c55e6","Exact label alone does not certify geometry/composition"
"Steiner","Ii-NB","CANONICAL_LABEL_MATCH","M_L1_NB_MM_V1","","","","TRUE","UNVERIFIED","NOT_TESTED","docs/audits/schemas/ortho_lot08_facad_dc_existing_protocol_mapping_v1.json","d5586b2595aede60da502c4de72a903df83c55e6","Exact label alone does not certify geometry/composition"
"Steiner","ILi/NB","CANONICAL_LABEL_MATCH","M_L1_NB_DEG_V1","","","","TRUE","UNVERIFIED","NOT_TESTED","docs/audits/schemas/ortho_lot08_facad_dc_existing_protocol_mapping_v1.json","d5586b2595aede60da502c4de72a903df83c55e6","Exact label alone does not certify geometry/composition"
"Steiner","InterIncisal","CANONICAL_LABEL_MATCH","M_INTERINCISAL_DEG_V1","","","","TRUE","UNVERIFIED","NOT_TESTED","docs/audits/schemas/ortho_lot08_facad_dc_existing_protocol_mapping_v1.json","d5586b2595aede60da502c4de72a903df83c55e6","Exact label alone does not certify geometry/composition"
"Steiner","OL/NSL","CANDIDATE_GEOMETRY_REVIEW","M_OCCLUSAL_PLANE_SN_DEG_V1","","","","TRUE","UNVERIFIED","NOT_TESTED","docs/audits/schemas/ortho_lot08_facad_dc_existing_protocol_mapping_v1.json","d5586b2595aede60da502c4de72a903df83c55e6","Manual construction/geometry review required"
"Steiner","ML/NSL","CANDIDATE_GEOMETRY_REVIEW","M_SN_GOGN_DEG_V1","","","","TRUE","UNVERIFIED","NOT_TESTED","docs/audits/schemas/ortho_lot08_facad_dc_existing_protocol_mapping_v1.json","d5586b2595aede60da502c4de72a903df83c55e6","Manual construction/geometry review required"
"Steiner","Pog-NB","CANONICAL_LABEL_MATCH","M_POG_NB_MM_V1","","","","TRUE","UNVERIFIED","NOT_TESTED","docs/audits/schemas/ortho_lot08_facad_dc_existing_protocol_mapping_v1.json","d5586b2595aede60da502c4de72a903df83c55e6","Exact label alone does not certify geometry/composition"
"Steiner","Ii-Pog // NB","EXISTING_DERIVED_RELATIONSHIP","","STEINER_L1_NB_VS_POG_NB_V1","","","NA","UNVERIFIED","NOT_TESTED","docs/audits/schemas/ortho_lot08_facad_dc_existing_protocol_mapping_v1.json","d5586b2595aede60da502c4de72a903df83c55e6","Derived relationship candidate, source input ordering requires independent validation"
"Steiner","Ls-SL","BLOCKED_EXACT_LANDMARK","","","MS_Steiner","Cm;Sn_soft;Prn","NA","UNVERIFIED","NOT_TESTED","docs/audits/schemas/ortho_lot08_facad_dc_existing_protocol_mapping_v1.json","d5586b2595aede60da502c4de72a903df83c55e6","Blocked exact landmark; forbidden aliases cannot be substituted"
"Steiner","Li-SL","BLOCKED_EXACT_LANDMARK","","","MS_Steiner","Cm;Sn_soft;Prn","NA","UNVERIFIED","NOT_TESTED","docs/audits/schemas/ortho_lot08_facad_dc_existing_protocol_mapping_v1.json","d5586b2595aede60da502c4de72a903df83c55e6","Blocked exact landmark; forbidden aliases cannot be substituted"
"Tweed","FMA (ML/FH)","CANDIDATE_GEOMETRY_REVIEW","M_FH_GOME_DEG_V1","","","","TRUE","UNVERIFIED","NOT_TESTED","docs/audits/schemas/ortho_lot08_facad_dc_existing_protocol_mapping_v1.json","d5586b2595aede60da502c4de72a903df83c55e6","Manual construction/geometry review required"
"Tweed","IMPA (ILi/ML)","CANDIDATE_GEOMETRY_REVIEW","M_IMPA_GOME_DEG_V1","","","","TRUE","UNVERIFIED","NOT_TESTED","docs/audits/schemas/ortho_lot08_facad_dc_existing_protocol_mapping_v1.json","d5586b2595aede60da502c4de72a903df83c55e6","Manual construction/geometry review required"
"Tweed","FMIA (ILi/FH)","CANDIDATE_GEOMETRY_REVIEW","M_FMIA_L1_FH_DEG_V1","","","","TRUE","UNVERIFIED","NOT_TESTED","docs/audits/schemas/ortho_lot08_facad_dc_existing_protocol_mapping_v1.json","d5586b2595aede60da502c4de72a903df83c55e6","Manual construction/geometry review required"
"Tweed","SNA","CANONICAL_LABEL_MATCH","M_SNA_DEG_V1","","","","TRUE","UNVERIFIED","NOT_TESTED","docs/audits/schemas/ortho_lot08_facad_dc_existing_protocol_mapping_v1.json","d5586b2595aede60da502c4de72a903df83c55e6","Exact label alone does not certify geometry/composition"
"Tweed","SNB","CANONICAL_LABEL_MATCH","M_SNB_DEG_V1","","","","TRUE","UNVERIFIED","NOT_TESTED","docs/audits/schemas/ortho_lot08_facad_dc_existing_protocol_mapping_v1.json","d5586b2595aede60da502c4de72a903df83c55e6","Exact label alone does not certify geometry/composition"
"Tweed","ANB","CANONICAL_LABEL_MATCH","M_ANB_DEG_V1","","","","TRUE","UNVERIFIED","NOT_TESTED","docs/audits/schemas/ortho_lot08_facad_dc_existing_protocol_mapping_v1.json","d5586b2595aede60da502c4de72a903df83c55e6","Exact label alone does not certify geometry/composition"
"Tweed","Z","CANDIDATE_GEOMETRY_REVIEW","M_MERRIFIELD_Z_FH_DEG_V1","","","","TRUE","UNVERIFIED","NOT_TESTED","docs/audits/schemas/ortho_lot08_facad_dc_existing_protocol_mapping_v1.json","d5586b2595aede60da502c4de72a903df83c55e6","Manual construction/geometry review required"
"McNamara","A-NP","CANONICAL_LABEL_MATCH","M_A_NPERP_MM_V1","","","","TRUE","UNVERIFIED","NOT_TESTED","docs/audits/schemas/ortho_lot08_facad_dc_existing_protocol_mapping_v1.json","d5586b2595aede60da502c4de72a903df83c55e6","Exact label alone does not certify geometry/composition"
"McNamara","ML/FH","CANDIDATE_GEOMETRY_REVIEW","M_FH_GOME_DEG_V1","","","","TRUE","UNVERIFIED","NOT_TESTED","docs/audits/schemas/ortho_lot08_facad_dc_existing_protocol_mapping_v1.json","d5586b2595aede60da502c4de72a903df83c55e6","Manual construction/geometry review required"
"McNamara","Facial axis","CANDIDATE_GEOMETRY_REVIEW","M_FACIAL_AXIS_RICKETTS_DEG_V1","","","","TRUE","UNVERIFIED","NOT_TESTED","docs/audits/schemas/ortho_lot08_facad_dc_existing_protocol_mapping_v1.json","d5586b2595aede60da502c4de72a903df83c55e6","Manual construction/geometry review required"
"McNamara","Pog-NP","CANONICAL_LABEL_MATCH","M_POG_NPERP_MM_V1","","","","TRUE","UNVERIFIED","NOT_TESTED","docs/audits/schemas/ortho_lot08_facad_dc_existing_protocol_mapping_v1.json","d5586b2595aede60da502c4de72a903df83c55e6","Exact label alone does not certify geometry/composition"
"Downs","Facial angle","CANDIDATE_GEOMETRY_REVIEW","M_DOWNS_FACIAL_ANGLE_NPOG_FH_ACUTE_DEG_V1","","","","TRUE","UNVERIFIED","NOT_TESTED","docs/audits/schemas/ortho_lot08_facad_dc_existing_protocol_mapping_v1.json","d5586b2595aede60da502c4de72a903df83c55e6","Manual construction/geometry review required"
"Downs","Y-axis/FH","CANDIDATE_GEOMETRY_REVIEW","M_DOWNS_Y_AXIS_SGN_FH_DEG_V1","","","","TRUE","UNVERIFIED","NOT_TESTED","docs/audits/schemas/ortho_lot08_facad_dc_existing_protocol_mapping_v1.json","d5586b2595aede60da502c4de72a903df83c55e6","Manual construction/geometry review required"
"Downs","ML/FH","CANDIDATE_GEOMETRY_REVIEW","M_FH_GOME_DEG_V1","","","","TRUE","UNVERIFIED","NOT_TESTED","docs/audits/schemas/ortho_lot08_facad_dc_existing_protocol_mapping_v1.json","d5586b2595aede60da502c4de72a903df83c55e6","Manual construction/geometry review required"
"Downs","InterIncisal","CANONICAL_LABEL_MATCH","M_INTERINCISAL_DEG_V1","","","","TRUE","UNVERIFIED","NOT_TESTED","docs/audits/schemas/ortho_lot08_facad_dc_existing_protocol_mapping_v1.json","d5586b2595aede60da502c4de72a903df83c55e6","Exact label alone does not certify geometry/composition"
"Downs","ILi/ML","CANDIDATE_GEOMETRY_REVIEW","M_IMPA_GOME_DEG_V1","","","","TRUE","UNVERIFIED","NOT_TESTED","docs/audits/schemas/ortho_lot08_facad_dc_existing_protocol_mapping_v1.json","d5586b2595aede60da502c4de72a903df83c55e6","Manual construction/geometry review required"
"Ricketts (32 F)","Convexity","CANDIDATE_GEOMETRY_REVIEW","M_MAXILLARY_CONVEXITY_A_NPOG_MM_V1","","","","TRUE","UNVERIFIED","NOT_TESTED","docs/audits/schemas/ortho_lot08_facad_dc_existing_protocol_mapping_v1.json","d5586b2595aede60da502c4de72a903df83c55e6","Manual construction/geometry review required"
"Ricketts (32 F)","Li-EL","CANDIDATE_GEOMETRY_REVIEW","M_LI_EPLANE_MM_V1","","","","TRUE","UNVERIFIED","NOT_TESTED","docs/audits/schemas/ortho_lot08_facad_dc_existing_protocol_mapping_v1.json","d5586b2595aede60da502c4de72a903df83c55e6","Manual construction/geometry review required"
"Ricketts (32 F)","Facial depth","CANDIDATE_GEOMETRY_REVIEW","M_RICKETTS_FACIAL_DEPTH_NPOG_FH_POSTERIOR_DEG_V1","","","","TRUE","UNVERIFIED","NOT_TESTED","docs/audits/schemas/ortho_lot08_facad_dc_existing_protocol_mapping_v1.json","d5586b2595aede60da502c4de72a903df83c55e6","Manual construction/geometry review required"
"Ricketts (32 F)","Facial axis","CANDIDATE_GEOMETRY_REVIEW","M_FACIAL_AXIS_RICKETTS_DEG_V1","","","","TRUE","UNVERIFIED","NOT_TESTED","docs/audits/schemas/ortho_lot08_facad_dc_existing_protocol_mapping_v1.json","d5586b2595aede60da502c4de72a903df83c55e6","Manual construction/geometry review required"
"Ricketts (32 F)","ML/FH","CANDIDATE_GEOMETRY_REVIEW","M_FH_GOME_DEG_V1","","","","TRUE","UNVERIFIED","NOT_TESTED","docs/audits/schemas/ortho_lot08_facad_dc_existing_protocol_mapping_v1.json","d5586b2595aede60da502c4de72a903df83c55e6","Manual construction/geometry review required"
"Ricketts (32 F)","InterIncisal","CANONICAL_LABEL_MATCH","M_INTERINCISAL_DEG_V1","","","","TRUE","UNVERIFIED","NOT_TESTED","docs/audits/schemas/ortho_lot08_facad_dc_existing_protocol_mapping_v1.json","d5586b2595aede60da502c4de72a903df83c55e6","Exact label alone does not certify geometry/composition"
