reference_version,reference_factor_ordinal,reference_factor_label,facad_editor_profile,facad_ui_row_ordinal,facad_ceph_name,facad_measurement_type,facad_arg1,facad_arg2,facad_arg3,facad_arg4,facad_norm_literal,finding_code,finding_scope,facad_source_blob_sha,reference_source,research_provenance_note
"ATLAS_2009_COMPLETE_33","1","Molar relationship","Ricketts (32 F)","2","Molar rel","ProjLine","OL","Mi-d","Ms-d","","-3±3","ORDERED_LABEL_CANDIDATE_ONLY","COMPOSITION_COMPARISON_ONLY__GEOMETRY_AND_NORMS_NOT_CERTIFIED","220b4a23d469e1c634ff9d8df7ad22706ae7cc7a","Fernandez Sanchez & Da Silva Filho, Atlas (2009), chapter 13 Cuadro 13.1; docs/audits/CEPHALO_LOT08_RICKETTS_ATLAS2009_COMPLETE33_COMPOSITION_LOCK.md","Comparable description at ordinal position; landmark construction, signed geometry, scale and norms require independent verification."
"ATLAS_2009_COMPLETE_33","2","Canine relationship","Ricketts (32 F)","3","Canine rel","ProjLine","OL","CNi","CNs","","2±3","ORDERED_LABEL_CANDIDATE_ONLY","COMPOSITION_COMPARISON_ONLY__GEOMETRY_AND_NORMS_NOT_CERTIFIED","220b4a23d469e1c634ff9d8df7ad22706ae7cc7a","Fernandez Sanchez & Da Silva Filho, Atlas (2009), chapter 13 Cuadro 13.1; docs/audits/CEPHALO_LOT08_RICKETTS_ATLAS2009_COMPLETE33_COMPOSITION_LOCK.md","Comparable description at ordinal position; landmark construction, signed geometry, scale and norms require independent verification."
"ATLAS_2009_COMPLETE_33","3","Horizontal incisor overjet","Ricketts (32 F)","4","Overjet","ProjLine","OL","Ii","Is","","2.5±2.5","ORDERED_LABEL_CANDIDATE_ONLY","COMPOSITION_COMPARISON_ONLY__GEOMETRY_AND_NORMS_NOT_CERTIFIED","220b4a23d469e1c634ff9d8df7ad22706ae7cc7a","Fernandez Sanchez & Da Silva Filho, Atlas (2009), chapter 13 Cuadro 13.1; docs/audits/CEPHALO_LOT08_RICKETTS_ATLAS2009_COMPLETE33_COMPOSITION_LOCK.md","Comparable description at ordinal position; landmark construction, signed geometry, scale and norms require independent verification."
"ATLAS_2009_COMPLETE_33","4","Vertical incisor overbite","Ricketts (32 F)","5","Overbite","Proj90Line","OL","Is","Ii","","2.5±2.5","ORDERED_LABEL_CANDIDATE_ONLY","COMPOSITION_COMPARISON_ONLY__GEOMETRY_AND_NORMS_NOT_CERTIFIED","220b4a23d469e1c634ff9d8df7ad22706ae7cc7a","Fernandez Sanchez & Da Silva Filho, Atlas (2009), chapter 13 Cuadro 13.1; docs/audits/CEPHALO_LOT08_RICKETTS_ATLAS2009_COMPLETE33_COMPOSITION_LOCK.md","Comparable description at ordinal position; landmark construction, signed geometry, scale and norms require independent verification."
"ATLAS_2009_COMPLETE_33","5","Lower incisor extrusion","Ricketts (32 F)","6","Ii-OL","DistLine","OL","Ii","","","1.2±2","ORDERED_LABEL_CANDIDATE_ONLY","COMPOSITION_COMPARISON_ONLY__GEOMETRY_AND_NORMS_NOT_CERTIFIED","220b4a23d469e1c634ff9d8df7ad22706ae7cc7a","Fernandez Sanchez & Da Silva Filho, Atlas (2009), chapter 13 Cuadro 13.1; docs/audits/CEPHALO_LOT08_RICKETTS_ATLAS2009_COMPLETE33_COMPOSITION_LOCK.md","Comparable description at ordinal position; landmark construction, signed geometry, scale and norms require independent verification."
"ATLAS_2009_COMPLETE_33","6","Interincisal angle","Ricketts (32 F)","7","InterIncisal","Angle4p","Iia","Ii","Isa","Is","130±10","ORDERED_LABEL_CANDIDATE_ONLY","COMPOSITION_COMPARISON_ONLY__GEOMETRY_AND_NORMS_NOT_CERTIFIED","220b4a23d469e1c634ff9d8df7ad22706ae7cc7a","Fernandez Sanchez & Da Silva Filho, Atlas (2009), chapter 13 Cuadro 13.1; docs/audits/CEPHALO_LOT08_RICKETTS_ATLAS2009_COMPLETE33_COMPOSITION_LOCK.md","Comparable description at ordinal position; landmark construction, signed geometry, scale and norms require independent verification."
"ATLAS_2009_COMPLETE_33","7","Point A convexity","Ricketts (32 F)","9","Convexity","DistLine","FL","A","","","0.4±2","ORDERED_LABEL_CANDIDATE_ONLY","COMPOSITION_COMPARISON_ONLY__GEOMETRY_AND_NORMS_NOT_CERTIFIED","220b4a23d469e1c634ff9d8df7ad22706ae7cc7a","Fernandez Sanchez & Da Silva Filho, Atlas (2009), chapter 13 Cuadro 13.1; docs/audits/CEPHALO_LOT08_RICKETTS_ATLAS2009_COMPLETE33_COMPOSITION_LOCK.md","Comparable description at ordinal position; landmark construction, signed geometry, scale and norms require independent verification."
"ATLAS_2009_COMPLETE_33","8","Lower facial height","Ricketts (32 F)","10","LFH","Angle3p","Xi","ANS","PM","","47±4","ORDERED_LABEL_CANDIDATE_ONLY","COMPOSITION_COMPARISON_ONLY__GEOMETRY_AND_NORMS_NOT_CERTIFIED","220b4a23d469e1c634ff9d8df7ad22706ae7cc7a","Fernandez Sanchez & Da Silva Filho, Atlas (2009), chapter 13 Cuadro 13.1; docs/audits/CEPHALO_LOT08_RICKETTS_ATLAS2009_COMPLETE33_COMPOSITION_LOCK.md","Comparable description at ordinal position; landmark construction, signed geometry, scale and norms require independent verification."
"ATLAS_2009_COMPLETE_33","9","Upper first molar position","Ricketts (32 F)","12","Ms-PtV","ProjLine","FH","Pt","Ms-d","","19±3","ORDERED_LABEL_CANDIDATE_ONLY","COMPOSITION_COMPARISON_ONLY__GEOMETRY_AND_NORMS_NOT_CERTIFIED","220b4a23d469e1c634ff9d8df7ad22706ae7cc7a","Fernandez Sanchez & Da Silva Filho, Atlas (2009), chapter 13 Cuadro 13.1; docs/audits/CEPHALO_LOT08_RICKETTS_ATLAS2009_COMPLETE33_COMPOSITION_LOCK.md","Comparable description at ordinal position; landmark construction, signed geometry, scale and norms require independent verification."
"ATLAS_2009_COMPLETE_33","10","Lower incisor protrusion","Ricketts (32 F)","13","Ii to A-Pog","Dist3p","Pog","A","Ii","","1±2","ORDERED_LABEL_CANDIDATE_ONLY","COMPOSITION_COMPARISON_ONLY__GEOMETRY_AND_NORMS_NOT_CERTIFIED","220b4a23d469e1c634ff9d8df7ad22706ae7cc7a","Fernandez Sanchez & Da Silva Filho, Atlas (2009), chapter 13 Cuadro 13.1; docs/audits/CEPHALO_LOT08_RICKETTS_ATLAS2009_COMPLETE33_COMPOSITION_LOCK.md","Comparable description at ordinal position; landmark construction, signed geometry, scale and norms require independent verification."
"ATLAS_2009_COMPLETE_33","11","Upper incisor protrusion","Ricketts (32 F)","14","Is to A-Pog","Dist3p","Pog","A","Is","","3.5±2.5","ORDERED_LABEL_CANDIDATE_ONLY","COMPOSITION_COMPARISON_ONLY__GEOMETRY_AND_NORMS_NOT_CERTIFIED","220b4a23d469e1c634ff9d8df7ad22706ae7cc7a","Fernandez Sanchez & Da Silva Filho, Atlas (2009), chapter 13 Cuadro 13.1; docs/audits/CEPHALO_LOT08_RICKETTS_ATLAS2009_COMPLETE33_COMPOSITION_LOCK.md","Comparable description at ordinal position; landmark construction, signed geometry, scale and norms require independent verification."
"ATLAS_2009_COMPLETE_33","12","Lower incisor inclination","Ricketts (32 F)","15","ILi/A-Pog","Angle4p","Pog","A","Iia","Ii","22±4","ORDERED_LABEL_CANDIDATE_ONLY","COMPOSITION_COMPARISON_ONLY__GEOMETRY_AND_NORMS_NOT_CERTIFIED","220b4a23d469e1c634ff9d8df7ad22706ae7cc7a","Fernandez Sanchez & Da Silva Filho, Atlas (2009), chapter 13 Cuadro 13.1; docs/audits/CEPHALO_LOT08_RICKETTS_ATLAS2009_COMPLETE33_COMPOSITION_LOCK.md","Comparable description at ordinal position; landmark construction, signed geometry, scale and norms require independent verification."
"ATLAS_2009_COMPLETE_33","13","Upper incisor inclination","Ricketts (32 F)","16","ILs/A-Pog","Angle4p","Isa","Is","A","Pog","28±4","ORDERED_LABEL_CANDIDATE_ONLY","COMPOSITION_COMPARISON_ONLY__GEOMETRY_AND_NORMS_NOT_CERTIFIED","220b4a23d469e1c634ff9d8df7ad22706ae7cc7a","Fernandez Sanchez & Da Silva Filho, Atlas (2009), chapter 13 Cuadro 13.1; docs/audits/CEPHALO_LOT08_RICKETTS_ATLAS2009_COMPLETE33_COMPOSITION_LOCK.md","Comparable description at ordinal position; landmark construction, signed geometry, scale and norms require independent verification."
"ATLAS_2009_COMPLETE_33","14","Occlusal plane to Xi distance","Ricketts (32 F)","17","Xi-OL","DistLine","OL","Xi","","","-3.5±3","ORDERED_LABEL_CANDIDATE_ONLY","COMPOSITION_COMPARISON_ONLY__GEOMETRY_AND_NORMS_NOT_CERTIFIED","220b4a23d469e1c634ff9d8df7ad22706ae7cc7a","Fernandez Sanchez & Da Silva Filho, Atlas (2009), chapter 13 Cuadro 13.1; docs/audits/CEPHALO_LOT08_RICKETTS_ATLAS2009_COMPLETE33_COMPOSITION_LOCK.md","Comparable description at ordinal position; landmark construction, signed geometry, scale and norms require independent verification."
"ATLAS_2009_COMPLETE_33","15","Occlusal plane inclination","Ricketts (32 F)","18","Xi-PM/OL","Angle4p","OLa","OLp","PM","Xi","26±4","ORDERED_LABEL_CANDIDATE_ONLY","COMPOSITION_COMPARISON_ONLY__GEOMETRY_AND_NORMS_NOT_CERTIFIED","220b4a23d469e1c634ff9d8df7ad22706ae7cc7a","Fernandez Sanchez & Da Silva Filho, Atlas (2009), chapter 13 Cuadro 13.1; docs/audits/CEPHALO_LOT08_RICKETTS_ATLAS2009_COMPLETE33_COMPOSITION_LOCK.md","Comparable description at ordinal position; landmark construction, signed geometry, scale and norms require independent verification."
"ATLAS_2009_COMPLETE_33","16","Lip protrusion","Ricketts (32 F)","20","Li-EL","DistLine","EL","Li","","","-2±2","ORDERED_LABEL_CANDIDATE_ONLY","COMPOSITION_COMPARISON_ONLY__GEOMETRY_AND_NORMS_NOT_CERTIFIED","220b4a23d469e1c634ff9d8df7ad22706ae7cc7a","Fernandez Sanchez & Da Silva Filho, Atlas (2009), chapter 13 Cuadro 13.1; docs/audits/CEPHALO_LOT08_RICKETTS_ATLAS2009_COMPLETE33_COMPOSITION_LOCK.md","Comparable description at ordinal position; landmark construction, signed geometry, scale and norms require independent verification."
"ATLAS_2009_COMPLETE_33","17","Upper lip length","Ricketts (32 F)","21","Upper lip len","Dist2p","ANS","STs","","","24±2","ORDERED_LABEL_CANDIDATE_ONLY","COMPOSITION_COMPARISON_ONLY__GEOMETRY_AND_NORMS_NOT_CERTIFIED","220b4a23d469e1c634ff9d8df7ad22706ae7cc7a","Fernandez Sanchez & Da Silva Filho, Atlas (2009), chapter 13 Cuadro 13.1; docs/audits/CEPHALO_LOT08_RICKETTS_ATLAS2009_COMPLETE33_COMPOSITION_LOCK.md","Comparable description at ordinal position; landmark construction, signed geometry, scale and norms require independent verification."
"ATLAS_2009_COMPLETE_33","18","Labial commissure to occlusal plane","Ricketts (32 F)","22","STi-OL","DistLine","OL","STi","","","-3±2","ORDERED_LABEL_CANDIDATE_ONLY","COMPOSITION_COMPARISON_ONLY__GEOMETRY_AND_NORMS_NOT_CERTIFIED","220b4a23d469e1c634ff9d8df7ad22706ae7cc7a","Fernandez Sanchez & Da Silva Filho, Atlas (2009), chapter 13 Cuadro 13.1; docs/audits/CEPHALO_LOT08_RICKETTS_ATLAS2009_COMPLETE33_COMPOSITION_LOCK.md","Comparable description at ordinal position; landmark construction, signed geometry, scale and norms require independent verification."
"ATLAS_2009_COMPLETE_33","19","Facial depth","Ricketts (32 F)","24","Facial depth","Angle2ln","FL","FH","","","89±3","ORDERED_LABEL_CANDIDATE_ONLY","COMPOSITION_COMPARISON_ONLY__GEOMETRY_AND_NORMS_NOT_CERTIFIED","220b4a23d469e1c634ff9d8df7ad22706ae7cc7a","Fernandez Sanchez & Da Silva Filho, Atlas (2009), chapter 13 Cuadro 13.1; docs/audits/CEPHALO_LOT08_RICKETTS_ATLAS2009_COMPLETE33_COMPOSITION_LOCK.md","Comparable description at ordinal position; landmark construction, signed geometry, scale and norms require independent verification."
"ATLAS_2009_COMPLETE_33","20","Facial axis","Ricketts (32 F)","25","Facial axis","Angle4p","Pt","Gn","N","Ba","90±3","ORDERED_LABEL_CANDIDATE_ONLY","COMPOSITION_COMPARISON_ONLY__GEOMETRY_AND_NORMS_NOT_CERTIFIED","220b4a23d469e1c634ff9d8df7ad22706ae7cc7a","Fernandez Sanchez & Da Silva Filho, Atlas (2009), chapter 13 Cuadro 13.1; docs/audits/CEPHALO_LOT08_RICKETTS_ATLAS2009_COMPLETE33_COMPOSITION_LOCK.md","Comparable description at ordinal position; landmark construction, signed geometry, scale and norms require independent verification."
"ATLAS_2009_COMPLETE_33","21","Facial taper cone angle","Ricketts (32 F)","26","Facial cone angle","Angle4p","Go","Me","N","Pog","68±3","ORDERED_LABEL_CANDIDATE_ONLY","COMPOSITION_COMPARISON_ONLY__GEOMETRY_AND_NORMS_NOT_CERTIFIED","220b4a23d469e1c634ff9d8df7ad22706ae7cc7a","Fernandez Sanchez & Da Silva Filho, Atlas (2009), chapter 13 Cuadro 13.1; docs/audits/CEPHALO_LOT08_RICKETTS_ATLAS2009_COMPLETE33_COMPOSITION_LOCK.md","Comparable description at ordinal position; landmark construction, signed geometry, scale and norms require independent verification."
"ATLAS_2009_COMPLETE_33","22","Maxillary depth","Ricketts (32 F)","27","Max depth","Angle4p","A","N","P","Or","90±3","ORDERED_LABEL_CANDIDATE_ONLY","COMPOSITION_COMPARISON_ONLY__GEOMETRY_AND_NORMS_NOT_CERTIFIED","220b4a23d469e1c634ff9d8df7ad22706ae7cc7a","Fernandez Sanchez & Da Silva Filho, Atlas (2009), chapter 13 Cuadro 13.1; docs/audits/CEPHALO_LOT08_RICKETTS_ATLAS2009_COMPLETE33_COMPOSITION_LOCK.md","Comparable description at ordinal position; landmark construction, signed geometry, scale and norms require independent verification."
"ATLAS_2009_COMPLETE_33","23","Maxillary height","Ricketts (32 F)","28","Max hgh","Angle3p","CF","N","A","","56±3","ORDERED_LABEL_CANDIDATE_ONLY","COMPOSITION_COMPARISON_ONLY__GEOMETRY_AND_NORMS_NOT_CERTIFIED","220b4a23d469e1c634ff9d8df7ad22706ae7cc7a","Fernandez Sanchez & Da Silva Filho, Atlas (2009), chapter 13 Cuadro 13.1; docs/audits/CEPHALO_LOT08_RICKETTS_ATLAS2009_COMPLETE33_COMPOSITION_LOCK.md","Comparable description at ordinal position; landmark construction, signed geometry, scale and norms require independent verification."
"ATLAS_2009_COMPLETE_33","24","Palatal plane","Ricketts (32 F)","29","NL/FH","Angle2ln","FH","NL","","","1±3.5","ORDERED_LABEL_CANDIDATE_ONLY","COMPOSITION_COMPARISON_ONLY__GEOMETRY_AND_NORMS_NOT_CERTIFIED","220b4a23d469e1c634ff9d8df7ad22706ae7cc7a","Fernandez Sanchez & Da Silva Filho, Atlas (2009), chapter 13 Cuadro 13.1; docs/audits/CEPHALO_LOT08_RICKETTS_ATLAS2009_COMPLETE33_COMPOSITION_LOCK.md","Comparable description at ordinal position; landmark construction, signed geometry, scale and norms require independent verification."
"ATLAS_2009_COMPLETE_33","25","Mandibular plane","Ricketts (32 F)","30","ML/FH","Angle2ln","FH","ML","","","26±4","ORDERED_LABEL_CANDIDATE_ONLY","COMPOSITION_COMPARISON_ONLY__GEOMETRY_AND_NORMS_NOT_CERTIFIED","220b4a23d469e1c634ff9d8df7ad22706ae7cc7a","Fernandez Sanchez & Da Silva Filho, Atlas (2009), chapter 13 Cuadro 13.1; docs/audits/CEPHALO_LOT08_RICKETTS_ATLAS2009_COMPLETE33_COMPOSITION_LOCK.md","Comparable description at ordinal position; landmark construction, signed geometry, scale and norms require independent verification."
"ATLAS_2009_COMPLETE_33","26","Cranial deflection","Ricketts (32 F)","32","CBL/FH","Angle4p","N","Ba","Or","P","27±3","ORDERED_LABEL_CANDIDATE_ONLY","COMPOSITION_COMPARISON_ONLY__GEOMETRY_AND_NORMS_NOT_CERTIFIED","220b4a23d469e1c634ff9d8df7ad22706ae7cc7a","Fernandez Sanchez & Da Silva Filho, Atlas (2009), chapter 13 Cuadro 13.1; docs/audits/CEPHALO_LOT08_RICKETTS_ATLAS2009_COMPLETE33_COMPOSITION_LOCK.md","Comparable description at ordinal position; landmark construction, signed geometry, scale and norms require independent verification."
"ATLAS_2009_COMPLETE_33","27","Anterior cranial compression length","Ricketts (32 F)","33","Cranium ant len","Dist2p","CC","N","","","61±2.5","LABEL_NORM_IDENTITY_REVIEW","COMPOSITION_COMPARISON_ONLY__GEOMETRY_AND_NORMS_NOT_CERTIFIED","220b4a23d469e1c634ff9d8df7ad22706ae7cc7a","Fernandez Sanchez & Da Silva Filho, Atlas (2009), chapter 13 Cuadro 13.1; docs/audits/CEPHALO_LOT08_RICKETTS_ATLAS2009_COMPLETE33_COMPOSITION_LOCK.md","Anterior cranial compression vs 'Cranium ant len' label; confirm definitions/units and reference-age before matching."
"ATLAS_2009_COMPLETE_33","28","Posterior facial height linear","Ricketts (32 F)","34","PFH","Dist2p","CF","Go","","","63±3.5","ORDERED_LABEL_CANDIDATE_ONLY","COMPOSITION_COMPARISON_ONLY__GEOMETRY_AND_NORMS_NOT_CERTIFIED","220b4a23d469e1c634ff9d8df7ad22706ae7cc7a","Fernandez Sanchez & Da Silva Filho, Atlas (2009), chapter 13 Cuadro 13.1; docs/audits/CEPHALO_LOT08_RICKETTS_ATLAS2009_COMPLETE33_COMPOSITION_LOCK.md","Comparable description at ordinal position; landmark construction, signed geometry, scale and norms require independent verification."
"ATLAS_2009_COMPLETE_33","29","Posterior facial height (reproduced caption; angular 60 degrees)","Ricketts (32 F)","","","","","","","","","REFERENCE_FACTOR_NOT_OBSERVED","COMPOSITION_COMPARISON_ONLY__GEOMETRY_AND_NORMS_NOT_CERTIFIED","220b4a23d469e1c634ff9d8df7ad22706ae7cc7a","Fernandez Sanchez & Da Silva Filho, Atlas (2009), chapter 13 Cuadro 13.1; docs/audits/CEPHALO_LOT08_RICKETTS_ATLAS2009_COMPLETE33_COMPOSITION_LOCK.md","Indexed third-party chapter facsimile labels factor 29 Altura facial posterior at 60 degrees (factor 28 already posterior height in mm). Total facial height is independent scientific interpretation, NOT the reproduced caption and NOT publisher authentication. No matching standalone angular HFT row observed in Facad 32F editor; no inference about other 32-factor forms or hidden software measurements."
"ATLAS_2009_COMPLETE_33","30","Mandibular ramus position","Ricketts (32 F)","35","Ramus Xi pos","Angle3p","CF","Xi","P","","76±3","ORDERED_LABEL_CANDIDATE_ONLY","COMPOSITION_COMPARISON_ONLY__GEOMETRY_AND_NORMS_NOT_CERTIFIED","220b4a23d469e1c634ff9d8df7ad22706ae7cc7a","Fernandez Sanchez & Da Silva Filho, Atlas (2009), chapter 13 Cuadro 13.1; docs/audits/CEPHALO_LOT08_RICKETTS_ATLAS2009_COMPLETE33_COMPOSITION_LOCK.md","Comparable description at ordinal position; landmark construction, signed geometry, scale and norms require independent verification."
"ATLAS_2009_COMPLETE_33","31","Porion position","Ricketts (32 F)","36","Porion pos","DistLine","PtV","P","","","-33.5±2","ORDERED_LABEL_CANDIDATE_ONLY","COMPOSITION_COMPARISON_ONLY__GEOMETRY_AND_NORMS_NOT_CERTIFIED","220b4a23d469e1c634ff9d8df7ad22706ae7cc7a","Fernandez Sanchez & Da Silva Filho, Atlas (2009), chapter 13 Cuadro 13.1; docs/audits/CEPHALO_LOT08_RICKETTS_ATLAS2009_COMPLETE33_COMPOSITION_LOCK.md","Comparable description at ordinal position; landmark construction, signed geometry, scale and norms require independent verification."
"ATLAS_2009_COMPLETE_33","32","Mandibular arc","Ricketts (32 F)","37","Mand arc","Angle4p","Xi","PM","DC","Xi","30±4","ORDERED_LABEL_CANDIDATE_ONLY","COMPOSITION_COMPARISON_ONLY__GEOMETRY_AND_NORMS_NOT_CERTIFIED","220b4a23d469e1c634ff9d8df7ad22706ae7cc7a","Fernandez Sanchez & Da Silva Filho, Atlas (2009), chapter 13 Cuadro 13.1; docs/audits/CEPHALO_LOT08_RICKETTS_ATLAS2009_COMPLETE33_COMPOSITION_LOCK.md","Comparable description at ordinal position; landmark construction, signed geometry, scale and norms require independent verification."
"ATLAS_2009_COMPLETE_33","33","Mandibular body length","Ricketts (32 F)","38","Mand len","Dist2p","Xi","PM'","","","78±2.5","LANDMARK_ENDPOINT_REVIEW","COMPOSITION_COMPARISON_ONLY__GEOMETRY_AND_NORMS_NOT_CERTIFIED","220b4a23d469e1c634ff9d8df7ad22706ae7cc7a","Fernandez Sanchez & Da Silva Filho, Atlas (2009), chapter 13 Cuadro 13.1; docs/audits/CEPHALO_LOT08_RICKETTS_ATLAS2009_COMPLETE33_COMPOSITION_LOCK.md","VENDOR CONSTRUCTION RESOLVED from official Facad 3.14.1.1111 Ricketts32 CPH: PM' = intersection of Xi-PM with A-Pog (Intersect refs Xi,PM,A,Pog); vendor Mand len uses Dist2p Xi to PM'. This differs from direct Xi-Pm anatomical length. Source: docs/audits/schemas/ortho_lot08_ricketts32_facad_final_seven_cluster_resolution_v1.json Git blob 411d5ba09dd596b2a2fbc3218ddf127c9fce3782. Secondary chapter facsimile p.235 Fig.13.28 describes Xi-Pm axis extended to A-Pog, a geometry candidate consistent with Facad PM' intersection; a 2017 UNAM thesis repeats this wording. BOOK identity established via ISBN 9788493675677 institutional catalogs, but figure/table original publisher-authenticated bytes remain UNAVAILABLE. This changes source-family hypothesis, NOT vendor-to-DC alias or clinical equivalence. See docs/audits/CEPHALO_FACAD_F01_13_ATLAS2009_EDITION_AND_MANDIBULAR_LENGTH_AUTHORITY_2026-10-09.md."
"ATLAS_2009_SUMMARY_12","1","Facial axis","Ricketts (13 F)","2","Facial axis","Angle4p","Pt","Gn","N","Ba","90±3.5","ORDERED_LABEL_CANDIDATE_ONLY","COMPOSITION_COMPARISON_ONLY__GEOMETRY_AND_NORMS_NOT_CERTIFIED","802df33d3c15cbaba095123f4b2b700689edae44","Fernandez Sanchez & Da Silva Filho, Atlas (2009), chapter 13 Cuadro 13.2 (indexed facsimile; needs licensed edition confirmation)","Comparable description in Atlas summary vs Facad UIA; do not infer same formula, age/sex calibration or normative acceptance."
"ATLAS_2009_SUMMARY_12","2","Facial depth","Ricketts (13 F)","3","Facial depth","Angle2ln","FL","FH","","","89±3","ORDERED_LABEL_CANDIDATE_ONLY","COMPOSITION_COMPARISON_ONLY__GEOMETRY_AND_NORMS_NOT_CERTIFIED","802df33d3c15cbaba095123f4b2b700689edae44","Fernandez Sanchez & Da Silva Filho, Atlas (2009), chapter 13 Cuadro 13.2 (indexed facsimile; needs licensed edition confirmation)","Comparable description in Atlas summary vs Facad UIA; do not infer same formula, age/sex calibration or normative acceptance."
"ATLAS_2009_SUMMARY_12","3","Posterior facial height listed as 60 degrees","Ricketts (13 F)","6","PFH","Dist2p","CF","Go","","","63±3.5","ANGULAR_LINEAR_UNIT_MISMATCH","COMPOSITION_COMPARISON_ONLY__GEOMETRY_AND_NORMS_NOT_CERTIFIED","802df33d3c15cbaba095123f4b2b700689edae44","Fernandez Sanchez & Da Silva Filho, Atlas (2009), chapter 13 Cuadro 13.2 (indexed facsimile; needs licensed edition confirmation)","Atlas 12-factor summary item has reference 60 degrees and ambiguous naming 'altura facial posterior'; Facad PFH uses Dist2p CF-Go, linear norm 63 +/-3.5. The formulas are not equivalent; original-edition semantic reconciliation still required."
"ATLAS_2009_SUMMARY_12","4","Mandibular plane","Ricketts (13 F)","4","ML/FH","Angle2ln","FH","ML","","","26±4.5","ORDERED_LABEL_CANDIDATE_ONLY","COMPOSITION_COMPARISON_ONLY__GEOMETRY_AND_NORMS_NOT_CERTIFIED","802df33d3c15cbaba095123f4b2b700689edae44","Fernandez Sanchez & Da Silva Filho, Atlas (2009), chapter 13 Cuadro 13.2 (indexed facsimile; needs licensed edition confirmation)","Comparable description in Atlas summary vs Facad UIA; do not infer same formula, age/sex calibration or normative acceptance."
"ATLAS_2009_SUMMARY_12","5","Lower facial height","Ricketts (13 F)","5","LFH","Angle3p","Xi","ANS","PM","","45±4","ORDERED_LABEL_CANDIDATE_ONLY","COMPOSITION_COMPARISON_ONLY__GEOMETRY_AND_NORMS_NOT_CERTIFIED","802df33d3c15cbaba095123f4b2b700689edae44","Fernandez Sanchez & Da Silva Filho, Atlas (2009), chapter 13 Cuadro 13.2 (indexed facsimile; needs licensed edition confirmation)","Comparable description in Atlas summary vs Facad UIA; do not infer same formula, age/sex calibration or normative acceptance."
"ATLAS_2009_SUMMARY_12","6","Mandibular arc","Ricketts (13 F)","7","Mand arc","Angle4p","Xi","PM","DC","Xi","30±4","ORDERED_LABEL_CANDIDATE_ONLY","COMPOSITION_COMPARISON_ONLY__GEOMETRY_AND_NORMS_NOT_CERTIFIED","802df33d3c15cbaba095123f4b2b700689edae44","Fernandez Sanchez & Da Silva Filho, Atlas (2009), chapter 13 Cuadro 13.2 (indexed facsimile; needs licensed edition confirmation)","Comparable description in Atlas summary vs Facad UIA; do not infer same formula, age/sex calibration or normative acceptance."
"ATLAS_2009_SUMMARY_12","7","Point A convexity","Ricketts (13 F)","9","Convexity","DistLine","FL","A","","","0±2","ORDERED_LABEL_CANDIDATE_ONLY","COMPOSITION_COMPARISON_ONLY__GEOMETRY_AND_NORMS_NOT_CERTIFIED","802df33d3c15cbaba095123f4b2b700689edae44","Fernandez Sanchez & Da Silva Filho, Atlas (2009), chapter 13 Cuadro 13.2 (indexed facsimile; needs licensed edition confirmation)","Comparable description in Atlas summary vs Facad UIA; do not infer same formula, age/sex calibration or normative acceptance."
"ATLAS_2009_SUMMARY_12","8","Maxillary depth","Ricketts (13 F)","10","Max depth","Angle4p","A","N","P","Or","90±3","ORDERED_LABEL_CANDIDATE_ONLY","COMPOSITION_COMPARISON_ONLY__GEOMETRY_AND_NORMS_NOT_CERTIFIED","802df33d3c15cbaba095123f4b2b700689edae44","Fernandez Sanchez & Da Silva Filho, Atlas (2009), chapter 13 Cuadro 13.2 (indexed facsimile; needs licensed edition confirmation)","Comparable description in Atlas summary vs Facad UIA; do not infer same formula, age/sex calibration or normative acceptance."
"ATLAS_2009_SUMMARY_12","9","Lower incisor protrusion","Ricketts (13 F)","12","Ii to A-Pog","Dist3p","Pog","A","Ii","","1±2","ORDERED_LABEL_CANDIDATE_ONLY","COMPOSITION_COMPARISON_ONLY__GEOMETRY_AND_NORMS_NOT_CERTIFIED","802df33d3c15cbaba095123f4b2b700689edae44","Fernandez Sanchez & Da Silva Filho, Atlas (2009), chapter 13 Cuadro 13.2 (indexed facsimile; needs licensed edition confirmation)","Comparable description in Atlas summary vs Facad UIA; do not infer same formula, age/sex calibration or normative acceptance."
"ATLAS_2009_SUMMARY_12","10","Lower incisor inclination","Ricketts (13 F)","13","ILi/A-Pog","Angle4p","Pog","A","Iia","Ii","22±4","ORDERED_LABEL_CANDIDATE_ONLY","COMPOSITION_COMPARISON_ONLY__GEOMETRY_AND_NORMS_NOT_CERTIFIED","802df33d3c15cbaba095123f4b2b700689edae44","Fernandez Sanchez & Da Silva Filho, Atlas (2009), chapter 13 Cuadro 13.2 (indexed facsimile; needs licensed edition confirmation)","Comparable description in Atlas summary vs Facad UIA; do not infer same formula, age/sex calibration or normative acceptance."
"ATLAS_2009_SUMMARY_12","11","Upper first molar position","Ricketts (13 F)","14","Ms-PtV","ProjLine","FH","Pt","Ms-d","","19±3","ORDERED_LABEL_CANDIDATE_ONLY","COMPOSITION_COMPARISON_ONLY__GEOMETRY_AND_NORMS_NOT_CERTIFIED","802df33d3c15cbaba095123f4b2b700689edae44","Fernandez Sanchez & Da Silva Filho, Atlas (2009), chapter 13 Cuadro 13.2 (indexed facsimile; needs licensed edition confirmation)","Comparable description in Atlas summary vs Facad UIA; do not infer same formula, age/sex calibration or normative acceptance."
"ATLAS_2009_SUMMARY_12","12","Lip protrusion","Ricketts (13 F)","17","Li-EL","DistLine","EL","Li","","","-2±2","ORDERED_LABEL_CANDIDATE_ONLY","COMPOSITION_COMPARISON_ONLY__GEOMETRY_AND_NORMS_NOT_CERTIFIED","802df33d3c15cbaba095123f4b2b700689edae44","Fernandez Sanchez & Da Silva Filho, Atlas (2009), chapter 13 Cuadro 13.2 (indexed facsimile; needs licensed edition confirmation)","Comparable description in Atlas summary vs Facad UIA; do not infer same formula, age/sex calibration or normative acceptance."
"ATLAS_2009_SUMMARY_12","13","No corresponding 12-factor slot (vendor extra)","Ricketts (13 F)","15","InterIncisal","Angle4p","Iia","Ii","Isa","Is","130±10","VENDOR_FACTOR_EXTRA_TO_ATLAS12","COMPOSITION_COMPARISON_ONLY__GEOMETRY_AND_NORMS_NOT_CERTIFIED","802df33d3c15cbaba095123f4b2b700689edae44","Facad 13F editor UIA; Atlas chapter 13 Cuadro 13.2","The Facad 13F editor includes InterIncisal as a 13th observed factor; original Atlas summary 12 list has no corresponding interincisal entry."
