ordinal,analysis_name,editor_definition_state,github_run_id,measurements_extraction,patient_calculation,clinical_parity,notes
"1","ABO","EDITOR_DEFINITION_LOADED_NOT_SAVED","37914743636","RAW_UIA_11_GRID_ROWS_11_FACTORS_0_HEADINGS_6_LINES_29_MARKERS","NOT_TESTED","NOT_TESTED","Read-only exact editor and 3 screenshots; 3 strict UIA CSV extracted into evidence bundle; offscreen 0 measurement/6 marker rows; source/copy Robert SHA256 unchanged; editor Save and patient Load not invoked; ZIP SHA256 f08d98c4899560053c3e0943d0276afcf84fecb32cc51f2e351c299e12814495; D3 isolation UNVERIFIED"
"2","Airway (FH)","EDITOR_DEFINITION_LOADED_NOT_SAVED","37951785899","RAW_UIA_6_FACTORS_0_HEADINGS_8_LINES_15_MARKERS","NOT_TESTED","NOT_TESTED","ZIP 11626647104 reviewed: exact editor, 3 active grids + 3 PNGs, original and copy Robert SHA256 unchanged, Save/patient Load never invoked, offscreen measurement/marker 0/0, ZIP SHA256 d454effe88f55924b8717c40e7fd2ac8b57f8785aa3114d48256e5f0757fd60b. 3 strict CSVs archived in project Library wave 3-4; D3 isolation UNVERIFIED"
"3","Airway (McNamara)","EDITOR_DEFINITION_LOADED_NOT_SAVED","37914729075","RAW_UIA_6_GRID_ROWS_6_FACTORS_0_HEADINGS_3_LINES_10_MARKERS","NOT_TESTED","NOT_TESTED","Read-only exact editor and 3 screenshots; 3 strict UIA CSV extracted into evidence bundle; offscreen 0 measurement/0 marker rows; source/copy Robert SHA256 unchanged; editor Save and patient Load not invoked; ZIP SHA256 1c94dfe1b3470dd9bd3858e7ae554872ba2b3c7f21ee9b7678dc70082322f2f8; D3 isolation UNVERIFIED"
"4","Airway (Mochida)","EDITOR_DEFINITION_LOADED_NOT_SAVED","37951785888","RAW_UIA_5_FACTORS_0_HEADINGS_7_LINES_15_MARKERS","NOT_TESTED","NOT_TESTED","ZIP 11626951316 reviewed: exact editor, 3 active grids + 3 PNGs, original and copy Robert SHA256 unchanged, Save/patient Load never invoked, offscreen measurement/marker 0/0, ZIP SHA256 0e11ca35a428288a54bd8beebea99d72dc63d8055f741aa71813a255fc19d897. 3 strict CSVs archived in project Library wave 3-4; D3 isolation UNVERIFIED"
"5","Airway (NL)","EDITOR_DEFINITION_LOADED_NOT_SAVED","37951785996","RAW_UIA_8_FACTORS_0_HEADINGS_11_LINES_22_MARKERS","NOT_TESTED","NOT_TESTED","ZIP 11626732557 reviewed: exact editor, 3 active grids + 3 PNGs, original and copy Robert SHA256 unchanged, Save/patient Load never invoked, offscreen measurement/marker 0/0, ZIP SHA256 455ed2a3f845fe35e6143d2367b2bc420473dbbc8e01986f7cfa1e1bb05c8431. 3 strict CSVs archived in project Library wave 3-4; D3 isolation UNVERIFIED"
"6","Alexander","EDITOR_DEFINITION_LOADED_NOT_SAVED","37951786073","RAW_UIA_17_FACTORS_0_HEADINGS_10_LINES_29_MARKERS","NOT_TESTED","NOT_TESTED","ZIP 11627441038 reviewed: exact editor, 3 active grids + 3 PNGs, original and copy Robert SHA256 unchanged, Save/patient Load never invoked, offscreen measurement/marker 0/6, ZIP SHA256 ddf865592452b770dc976ba1214040c09bba2a867106d2e66c29efcbf88133db. 3 strict CSVs archived in project Library wave 3-4; D3 isolation UNVERIFIED"
"7","AM Schwarz","EDITOR_DEFINITION_LOADED_NOT_SAVED","37951786057","RAW_UIA_17_FACTORS_0_HEADINGS_9_LINES_32_MARKERS","NOT_TESTED","NOT_TESTED","ZIP 11626537394 reviewed: exact editor, 3 active grids + 3 PNGs, original and copy Robert SHA256 unchanged, Save/patient Load never invoked, offscreen measurement/marker 0/9, ZIP SHA256 1b0152d17920d39f22e2103a1902363ff96f3fa9a77f138577ef8d78ace4d187. 3 strict CSVs archived in project Library wave 3-4; D3 isolation UNVERIFIED"
"8","Ancell","EDITOR_DEFINITION_LOADED_NOT_SAVED","37957532550","RAW_UIA_10_FACTORS_0_HEADINGS_16_LINES_34_MARKERS","NOT_TESTED","NOT_TESTED","Three active UIA grids/screenshots, 3 CSV archived in Library; original and copy Robert SHA256 stable; Save and patient Load not invoked; offscreen factors/markers 0/11; ZIP artifact 11630165932 SHA256 eb7288543be48187a4f9b659afbf5e92705bab84eeb01e6cf70ac4a0408c8253; D3/clinical NOT_VERIFIED"
"9","Arnett STCA (female)","EDITOR_DEFINITION_LOADED_NOT_SAVED","37914719024","RAW_UIA_38_GRID_ROWS_38_FACTORS_0_HEADINGS_4_LINES_30_MARKERS","NOT_TESTED","NOT_TESTED","Read-only exact editor and 3 screenshots; 3 strict UIA CSV extracted into evidence bundle; offscreen 15 measurement/7 marker rows; source/copy Robert SHA256 unchanged; editor Save and patient Load not invoked; ZIP SHA256 859b1c3f458c71122b4cfd9c0c561ead626a69115356cfd735603185caabf530; D3 isolation UNVERIFIED"
"10","Arnett STCA (male)","EDITOR_DEFINITION_LOADED_NOT_SAVED","37914723547","RAW_UIA_38_GRID_ROWS_38_FACTORS_0_HEADINGS_4_LINES_30_MARKERS","NOT_TESTED","NOT_TESTED","Read-only exact editor and 3 screenshots; 3 strict UIA CSV extracted into evidence bundle; offscreen 15 measurement/7 marker rows; source/copy Robert SHA256 unchanged; editor Save and patient Load not invoked; ZIP SHA256 e6290f80ade6d601a535042b08b0d532467043f57036c3586ec0ce5217e49e8f; D3 isolation UNVERIFIED"
"11","Arnett STCA Midface (female)","EDITOR_DEFINITION_LOADED_NOT_SAVED","37948363481","RAW_UIA_6_FACTORS_1_LINES_7_MARKERS","NOT_TESTED","NOT_TESTED","Three strict UIA CSVs and 3 screenshots verified; offscreen 0 measurements and 0 markers; SHA256 Robert original/copy identical before/after; Save and patient Load not invoked; artifact SHA256 4c47ada70e7aa2e7985c1571852038290b76bef2e7c3e849c44c742b753f04b1; clinical/D3 isolation UNVERIFIED"
"12","Arnett STCA Midface (male)","EDITOR_DEFINITION_LOADED_NOT_SAVED","37948363686","RAW_UIA_6_FACTORS_1_LINES_7_MARKERS","NOT_TESTED","NOT_TESTED","Three strict UIA CSVs and 3 screenshots verified; offscreen 0 measurements and 0 markers; SHA256 Robert original/copy identical before/after; Save and patient Load not invoked; artifact SHA256 a65552daf6099ca0ea2656848efb078bdaa1b4eaf633f07774a8f166ec48c975; clinical/D3 isolation UNVERIFIED"
"13","Basel 2013","EDITOR_DEFINITION_LOADED_NOT_SAVED","37951785827","RAW_UIA_27_FACTORS_9_HEADINGS_7_LINES_35_MARKERS","NOT_TESTED","NOT_TESTED","ZIP 11627085713 reviewed: exact editor, 3 active grids + 3 PNGs, original and copy Robert SHA256 unchanged, Save/patient Load never invoked, offscreen measurement/marker 14/12, ZIP SHA256 210916c9601e3e2b934d6f72bacec34a0da94c2d8ad632cf3bfcfe59253409d9. 3 strict CSVs archived in project Library wave 3-4; D3 isolation UNVERIFIED"
"14","Bergen","EDITOR_DEFINITION_LOADED_NOT_SAVED","37914715358","RAW_UIA_27_GRID_ROWS_22_FACTORS_5_HEADINGS_8_LINES_30_MARKERS","NOT_TESTED","NOT_TESTED","Read-only exact editor and 3 screenshots; 3 strict UIA CSV extracted into evidence bundle; offscreen 4 measurement/7 marker rows; source/copy Robert SHA256 unchanged; editor Save and patient Load not invoked; ZIP SHA256 438dcf2facb0c980a8f1999563ff9c162e43cd1758af4de9e8d610eb7da8e948; D3 isolation UNVERIFIED"
"15","Bergen short","EDITOR_DEFINITION_LOADED_NOT_SAVED","37914622966","RAW_UIA_12_GRID_ROWS_12_FACTORS_0_HEADINGS_4_LINES_28_MARKERS","NOT_TESTED","NOT_TESTED","Read-only exact editor and 3 screenshots; 3 strict UIA CSV extracted into evidence bundle; offscreen 0 measurement/5 marker rows; source/copy Robert SHA256 unchanged; editor Save and patient Load not invoked; ZIP SHA256 c09b454c4111bedb673fb87dd6087e2b9c92391cc7d67a78d3564099e9a303df; D3 isolation UNVERIFIED"
"16","Bern analysis","EDITOR_DEFINITION_LOADED_NOT_SAVED","37951785861","RAW_UIA_38_FACTORS_1_HEADINGS_13_LINES_37_MARKERS","NOT_TESTED","NOT_TESTED","ZIP 11626676468 reviewed: exact editor, 3 active grids + 3 PNGs, original and copy Robert SHA256 unchanged, Save/patient Load never invoked, offscreen measurement/marker 16/14, ZIP SHA256 2132e8e61706b93ac9de71d7e29f7b253b6f9d5ce122619a3bb5df1e69866a2e. 3 strict CSVs archived in project Library wave 3-4; D3 isolation UNVERIFIED"
"17","Bern University","EDITOR_DEFINITION_LOADED_NOT_SAVED","37957532753","RAW_UIA_36_FACTORS_1_HEADINGS_8_LINES_37_MARKERS","NOT_TESTED","NOT_TESTED","Three active UIA grids/screenshots, 3 CSV archived in Library; original and copy Robert SHA256 stable; Save and patient Load not invoked; offscreen factors/markers 14/14; ZIP artifact 11630855135 SHA256 a22fa9e4b64aa05867d49a7e29d9eb5df28367da1d2bbd7b290894b1ca8d2e14; D3/clinical NOT_VERIFIED"
"18","Bimler","EDITOR_DEFINITION_LOADED_NOT_SAVED","37951785879","RAW_UIA_30_FACTORS_0_HEADINGS_15_LINES_41_MARKERS","NOT_TESTED","NOT_TESTED","ZIP 11626737377 reviewed: exact editor, 3 active grids + 3 PNGs, original and copy Robert SHA256 unchanged, Save/patient Load never invoked, offscreen measurement/marker 7/18, ZIP SHA256 677ed8fbec34cc41f4685a8c4439e7cdfb92cf78674af92f2c131cf99e3b7ff3. 3 strict CSVs archived in project Library wave 3-4; D3 isolation UNVERIFIED"
"19","Bjork","EDITOR_DEFINITION_LOADED_NOT_SAVED","37914735062","RAW_UIA_27_GRID_ROWS_27_FACTORS_0_HEADINGS_4_LINES_28_MARKERS","NOT_TESTED","NOT_TESTED","Read-only exact editor and 3 screenshots; 3 strict UIA CSV extracted into evidence bundle; offscreen 4 measurement/5 marker rows; source/copy Robert SHA256 unchanged; editor Save and patient Load not invoked; ZIP SHA256 08b4195c52f8bcd1c03161f2302f8bc6ffafae6b6227e7d45d9ae4af36c3a880; D3 isolation UNVERIFIED"
"20","Bjork-DK","EDITOR_DEFINITION_LOADED_NOT_SAVED","37951013922","RAW_UIA_17_FACTORS_0_HEADINGS_7_LINES_34_MARKERS","NOT_TESTED","NOT_TESTED","ZIP 11626468199 reviewed: exact editor, 3 active grids + 3 PNGs, original and copy Robert SHA256 unchanged, Save/patient Load never invoked, offscreen measurement/marker 0/11, ZIP SHA256 b03cfa0395a903ed9b7f1c85fdef3c2e1845ccb0353a4f55b3f41621a78e7e64. 3 strict CSVs archived in project Library wave 3-4; D3 isolation UNVERIFIED"
"21","Bjork-DK-extended","EDITOR_DEFINITION_LOADED_NOT_SAVED","37951013805","RAW_UIA_24_FACTORS_0_HEADINGS_8_LINES_36_MARKERS","NOT_TESTED","NOT_TESTED","ZIP 11626590021 reviewed: exact editor, 3 active grids + 3 PNGs, original and copy Robert SHA256 unchanged, Save/patient Load never invoked, offscreen measurement/marker 1/13, ZIP SHA256 3339afc8ddf3a8dc92de353ab5b4539627b41c3dfa2a66ea1796b147cea7648c. 3 strict CSVs archived in project Library wave 3-4; D3 isolation UNVERIFIED"
"22","Bjork-Tiops","EDITOR_DEFINITION_LOADED_NOT_SAVED","37957532699","RAW_UIA_33_FACTORS_5_HEADINGS_19_LINES_42_MARKERS","NOT_TESTED","NOT_TESTED","Three active UIA grids/screenshots, 3 CSV archived in Library; original and copy Robert SHA256 stable; Save and patient Load not invoked; offscreen factors/markers 15/19; ZIP artifact 11631055793 SHA256 965278f37a77ce8b833ea7aefa744ef45f7cb86801b5a965126c2841196f6ac4; D3/clinical NOT_VERIFIED"
"23","Bjork-Tiops (female-11)","EDITOR_DEFINITION_LOADED_NOT_SAVED","37957532439","RAW_UIA_33_FACTORS_5_HEADINGS_19_LINES_42_MARKERS","NOT_TESTED","NOT_TESTED","Three active UIA grids/screenshots, 3 CSV archived in Library; original and copy Robert SHA256 stable; Save and patient Load not invoked; offscreen factors/markers 15/19; ZIP artifact 11630096541 SHA256 5b0aae5448b5a60bc7d968eb0584775e521edb30c3048b3478e3914a9b642f09; D3/clinical NOT_VERIFIED"
"24","Bjork-Tiops (male-12)","EDITOR_DEFINITION_LOADED_NOT_SAVED","37957532922","RAW_UIA_33_FACTORS_5_HEADINGS_19_LINES_42_MARKERS","NOT_TESTED","NOT_TESTED","Three active UIA grids/screenshots, 3 CSV archived in Library; original and copy Robert SHA256 stable; Save and patient Load not invoked; offscreen factors/markers 15/19; ZIP artifact 11630851742 SHA256 418256ab1aee03ef35014418e0c5b5046714e3363b92456e141763211c83e77e; D3/clinical NOT_VERIFIED"
"25","Burstone (female)","EDITOR_DEFINITION_LOADED_NOT_SAVED","37948363584","RAW_UIA_23_FACTORS_8_LINES_33_MARKERS","NOT_TESTED","NOT_TESTED","Three strict UIA CSVs and 3 screenshots verified; offscreen 0 measurements and 10 markers; SHA256 Robert original/copy identical before/after; Save and patient Load not invoked; artifact SHA256 e96cae1d4aa64bc0a7bc25366683dee6de1ee9e76f9ef110733bef8e2f17a9a0; clinical/D3 isolation UNVERIFIED"
"26","Burstone (male)","EDITOR_DEFINITION_LOADED_NOT_SAVED","37948363857","RAW_UIA_23_FACTORS_8_LINES_33_MARKERS","NOT_TESTED","NOT_TESTED","Three strict UIA CSVs and 3 screenshots verified; offscreen 0 measurements and 10 markers; SHA256 Robert original/copy identical before/after; Save and patient Load not invoked; artifact SHA256 337afb13896fc624f81f4b5aae3975e431f1028df9eac82b93634e19e8aab1d2; clinical/D3 isolation UNVERIFIED"
"27","Downs","EDITOR_DEFINITION_LOADED_NOT_SAVED","37948363599","RAW_UIA_10_FACTORS_5_LINES_29_MARKERS","NOT_TESTED","NOT_TESTED","Three strict UIA CSVs and 3 screenshots verified; offscreen 0 measurements and 6 markers; SHA256 Robert original/copy identical before/after; Save and patient Load not invoked; artifact SHA256 8e1123abcb89231c9e2e7d85f8cf619d3c603634972136a4581562841fd0ff2e; clinical/D3 isolation UNVERIFIED"
"28","EAIO","EDITOR_DEFINITION_LOADED_NOT_SAVED","37957532651","RAW_UIA_27_FACTORS_5_HEADINGS_10_LINES_33_MARKERS","NOT_TESTED","NOT_TESTED","Three active UIA grids/screenshots, 3 CSV archived in Library; original and copy Robert SHA256 stable; Save and patient Load not invoked; offscreen factors/markers 9/10; ZIP artifact 11630525128 SHA256 2fb56a970249caecbee91eb82b2fba899bb9d99935b312cfb6c5966d0adc447d; D3/clinical NOT_VERIFIED"
"29","Facad Mini","EDITOR_DEFINITION_LOADED_NOT_SAVED","37957532539","RAW_UIA_7_FACTORS_0_HEADINGS_2_LINES_26_MARKERS","NOT_TESTED","NOT_TESTED","Three active UIA grids/screenshots, 3 CSV archived in Library; original and copy Robert SHA256 stable; Save and patient Load not invoked; offscreen factors/markers 0/3; ZIP artifact 11630065264 SHA256 3d3a1deec1df7e436150ba0f02e08bdc2b17bd302efcd91ae801e24edf742604; D3/clinical NOT_VERIFIED"
"30","Geneve","EDITOR_DEFINITION_LOADED_NOT_SAVED","37957532517","RAW_UIA_19_FACTORS_0_HEADINGS_7_LINES_29_MARKERS","NOT_TESTED","NOT_TESTED","Three active UIA grids/screenshots, 3 CSV archived in Library; original and copy Robert SHA256 stable; Save and patient Load not invoked; offscreen factors/markers 0/6; ZIP artifact 11631265723 SHA256 19bfd96c8cf23865ffeaabb8a52e6569029243e64a5848c42805c3d3b3da4180; D3/clinical NOT_VERIFIED"
"31","HarmonyBox","EDITOR_DEFINITION_LOADED_NOT_SAVED","37957532281","RAW_UIA_8_FACTORS_0_HEADINGS_3_LINES_26_MARKERS","NOT_TESTED","NOT_TESTED","Three active UIA grids/screenshots, 3 CSV archived in Library; original and copy Robert SHA256 stable; Save and patient Load not invoked; offscreen factors/markers 0/3; ZIP artifact 11631090683 SHA256 e5833293fdb5b234236cacc4ad896d6ca272a38389d4f7a539f21daf7c320f15; D3/clinical NOT_VERIFIED"
"32","Harvold","EDITOR_DEFINITION_LOADED_NOT_SAVED","37957533614","RAW_UIA_4_FACTORS_0_HEADINGS_0_LINES_5_MARKERS","NOT_TESTED","NOT_TESTED","Empty Lines grid 0 rows confirmed by PNG and active UIA header; Three active UIA grids/screenshots, 3 CSV archived in Library; original and copy Robert SHA256 stable; Save and patient Load not invoked; offscreen factors/markers 0/0; ZIP artifact 11630781507 SHA256 5a8567f2c7f5d341a5e0ffd286855aa81b56d19b4d6a7b417043e08db0ec3440; D3/clinical NOT_VERIFIED"
"33","Hasund","EDITOR_DEFINITION_LOADED_NOT_SAVED","37951013876","RAW_UIA_35_FACTORS_6_HEADINGS_9_LINES_31_MARKERS","NOT_TESTED","NOT_TESTED","ZIP 11626640709 reviewed: exact editor, 3 active grids + 3 PNGs, original and copy Robert SHA256 unchanged, Save/patient Load never invoked, offscreen measurement/marker 18/8, ZIP SHA256 57e646ebb7fce61bf7b6f10269fddce948fbcf435c36f9bfed4c3e36519e276e. 3 strict CSVs archived in project Library wave 3-4; D3 isolation UNVERIFIED"
"34","Hasund regression","EDITOR_DEFINITION_LOADED_NOT_SAVED","37951013993","RAW_UIA_54_FACTORS_0_HEADINGS_2_LINES_25_MARKERS","NOT_TESTED","NOT_TESTED","ZIP 11625593744 reviewed: exact editor, 3 active grids + 3 PNGs, original and copy Robert SHA256 unchanged, Save/patient Load never invoked, offscreen measurement/marker 31/2, ZIP SHA256 23245a06cedd593eb28dbec69795f410b571f650285aba1b0017b39baef11598. 3 strict CSVs archived in project Library wave 3-4; D3 isolation UNVERIFIED"
"35","Holdaway Soft","EDITOR_DEFINITION_LOADED_NOT_SAVED","37948363944","RAW_UIA_12_FACTORS_5_LINES_27_MARKERS","NOT_TESTED","NOT_TESTED","Three strict UIA CSVs and 3 screenshots verified; offscreen 0 measurements and 4 markers; SHA256 Robert original/copy identical before/after; Save and patient Load not invoked; artifact SHA256 cc2d36947e914eb6698a4965bb9dd24a242079710467d513478685e727cfcda3; clinical/D3 isolation UNVERIFIED"
"36","Jarabak","EDITOR_DEFINITION_LOADED_NOT_SAVED","37948363976","RAW_UIA_32_FACTORS_7_LINES_29_MARKERS","NOT_TESTED","NOT_TESTED","Three strict UIA CSVs and 3 screenshots verified; offscreen 9 measurements and 6 markers; SHA256 Robert original/copy identical before/after; Save and patient Load not invoked; artifact SHA256 413ccb6f4c5a7e29e108f6f2129178f88a6e6fc36a813b4cebb5ff67feb37618; clinical/D3 isolation UNVERIFIED"
"37","Jefferson-Sassouni","EDITOR_DEFINITION_LOADED_NOT_SAVED","37957532509","RAW_UIA_11_FACTORS_0_HEADINGS_11_LINES_30_MARKERS","NOT_TESTED","NOT_TESTED","Three active UIA grids/screenshots, 3 CSV archived in Library; original and copy Robert SHA256 stable; Save and patient Load not invoked; offscreen factors/markers 0/7; ZIP artifact 11630495314 SHA256 c88a43079b00e562b43945080077afae8d99ede28a2d49ac1f3012d61ef4b12c; D3/clinical NOT_VERIFIED"
"38","Legan-Burstone Surgical","EDITOR_DEFINITION_LOADED_NOT_SAVED","37948363398","RAW_UIA_17_FACTORS_6_LINES_25_MARKERS","NOT_TESTED","NOT_TESTED","Three strict UIA CSVs and 3 screenshots verified; offscreen 0 measurements and 2 markers; SHA256 Robert original/copy identical before/after; Save and patient Load not invoked; artifact SHA256 1e9b557fe0e9b41451ef196431af30a9d8de9de812a46ab5991577f75cb170ac; clinical/D3 isolation UNVERIFIED"
"39","Mahony FFG","EDITOR_DEFINITION_LOADED_NOT_SAVED","37957532369","RAW_UIA_44_FACTORS_2_HEADINGS_17_LINES_38_MARKERS","NOT_TESTED","NOT_TESTED","Three active UIA grids/screenshots, 3 CSV archived in Library; original and copy Robert SHA256 stable; Save and patient Load not invoked; offscreen factors/markers 23/15; ZIP artifact 11629055989 SHA256 bcfae7b9d6202c64e59a4470c3dd971a23adf554808f2c169c85a466d1a4fc28; D3/clinical NOT_VERIFIED"
"40","Mahony FFG + soft","EDITOR_DEFINITION_LOADED_NOT_SAVED","37951013982","RAW_UIA_53_FACTORS_3_HEADINGS_17_LINES_39_MARKERS","NOT_TESTED","NOT_TESTED","ZIP 11626094065 reviewed: exact editor, 3 active grids + 3 PNGs, original and copy Robert SHA256 unchanged, Save/patient Load never invoked, offscreen measurement/marker 33/16, ZIP SHA256 17439f081f07df0983834a3077d5d6c20671dcdeaa7663560cdaa1cea1371c96. 3 strict CSVs archived in project Library wave 3-4; D3 isolation UNVERIFIED"
"41","McGann","EDITOR_DEFINITION_LOADED_NOT_SAVED","37957532521","RAW_UIA_19_FACTORS_0_HEADINGS_8_LINES_31_MARKERS","NOT_TESTED","NOT_TESTED","Three active UIA grids/screenshots, 3 CSV archived in Library; original and copy Robert SHA256 stable; Save and patient Load not invoked; offscreen factors/markers 0/8; ZIP artifact 11630550826 SHA256 767754620fe6bc013405e07944d21971d778bdd857d8b7fe2e02cbcc837cf939; D3/clinical NOT_VERIFIED"
"42","McLaughlin","EDITOR_DEFINITION_LOADED_NOT_SAVED","37957532438","RAW_UIA_17_FACTORS_0_HEADINGS_7_LINES_30_MARKERS","NOT_TESTED","NOT_TESTED","Three active UIA grids/screenshots, 3 CSV archived in Library; original and copy Robert SHA256 stable; Save and patient Load not invoked; offscreen factors/markers 0/7; ZIP artifact 11630586035 SHA256 2e1fc744eb7587e57e7cd292e180c86b85a7fe4d78f2645c43ed5124ed25faa7; D3/clinical NOT_VERIFIED"
"43","McNamara","EDITOR_DEFINITION_LOADED_NOT_SAVED","37862652488","RAW_UIA_TEXT_AND_SCREENSHOT_ONLY","NOT_TESTED","NOT_TESTED","Unsaved editor probe only; not clinical execution"
"44","Oslo","EDITOR_DEFINITION_LOADED_NOT_SAVED","37957532620","RAW_UIA_24_FACTORS_3_HEADINGS_6_LINES_32_MARKERS","NOT_TESTED","NOT_TESTED","Three active UIA grids/screenshots, 3 CSV archived in Library; original and copy Robert SHA256 stable; Save and patient Load not invoked; offscreen factors/markers 4/9; ZIP artifact 11630705537 SHA256 c076023d4bad23864c020d02eb89bb0b8240ada8e2a61633e40acd015d381432; D3/clinical NOT_VERIFIED"
"45","Oslo Surgical","EDITOR_DEFINITION_LOADED_NOT_SAVED","37951013880","RAW_UIA_38_FACTORS_3_HEADINGS_6_LINES_34_MARKERS","NOT_TESTED","NOT_TESTED","ZIP 11626188502 reviewed: exact editor, 3 active grids + 3 PNGs, original and copy Robert SHA256 unchanged, Save/patient Load never invoked, offscreen measurement/marker 18/11, ZIP SHA256 3bcea317bcef3c0669ee32f37b5ce88b3dd398d1ca2b379aeed3428860eec49e. 3 strict CSVs archived in project Library wave 3-4; D3 isolation UNVERIFIED"
"46","Pancherz-post","EDITOR_DEFINITION_LOADED_NOT_SAVED","37951014008","RAW_UIA_15_FACTORS_0_HEADINGS_2_LINES_11_MARKERS","NOT_TESTED","NOT_TESTED","ZIP 11625659490 reviewed: exact editor, 3 active grids + 3 PNGs, original and copy Robert SHA256 unchanged, Save/patient Load never invoked, offscreen measurement/marker 0/0, ZIP SHA256 093a6131813f6e928077d77d375a242d90fb2947ede2e2cdd40d6fc0084ee4ae. 3 strict CSVs archived in project Library wave 3-4; D3 isolation UNVERIFIED"
"47","Pancherz-pre","EDITOR_DEFINITION_LOADED_NOT_SAVED","37951014004","RAW_UIA_15_FACTORS_0_HEADINGS_3_LINES_12_MARKERS","NOT_TESTED","NOT_TESTED","ZIP 11627185128 reviewed: exact editor, 3 active grids + 3 PNGs, original and copy Robert SHA256 unchanged, Save/patient Load never invoked, offscreen measurement/marker 0/0, ZIP SHA256 cb15eb7886d3d7d83eaeb4a792d63c359bdf3532d85758a88d90f49de3579126. 3 strict CSVs archived in project Library wave 3-4; D3 isolation UNVERIFIED"
"48","Photo AM Schwarz","EDITOR_DEFINITION_LOADED_NOT_SAVED","37957532617","RAW_UIA_18_FACTORS_0_HEADINGS_4_LINES_10_MARKERS","NOT_TESTED","NOT_TESTED","Three active UIA grids/screenshots, 3 CSV archived in Library; original and copy Robert SHA256 stable; Save and patient Load not invoked; offscreen factors/markers 0/0; ZIP artifact 11630460309 SHA256 7a261117a1c75cfe28a91cae7b224464958cfd09585219baf36f16e786357513; D3/clinical NOT_VERIFIED"
"49","Quadrilateral DiPaolo","EDITOR_DEFINITION_LOADED_NOT_SAVED","37957532660","RAW_UIA_20_FACTORS_2_HEADINGS_13_LINES_12_MARKERS","NOT_TESTED","NOT_TESTED","Three active UIA grids/screenshots, 3 CSV archived in Library; original and copy Robert SHA256 stable; Save and patient Load not invoked; offscreen factors/markers 0/0; ZIP artifact 11630875772 SHA256 21df37f52d6acde52f9021e68a2b5817f62b6a457e0ef9e96d8e77bce79ea27a; D3/clinical NOT_VERIFIED"
"50","Rakosi","EDITOR_DEFINITION_LOADED_NOT_SAVED","37957532320","RAW_UIA_31_FACTORS_0_HEADINGS_14_LINES_32_MARKERS","NOT_TESTED","NOT_TESTED","Three active UIA grids/screenshots, 3 CSV archived in Library; original and copy Robert SHA256 stable; Save and patient Load not invoked; offscreen factors/markers 9/9; ZIP artifact 11629785970 SHA256 94b1bcaeb17cd8f5814d892905ec32c9f6b6a186022e0b0cfd06bb456e4ebc8c; D3/clinical NOT_VERIFIED"
"51","Ricketts","EDITOR_DEFINITION_LOADED_NOT_SAVED","37865416188","RAW_UIA_15_ROWS_15_DEFINITIONS_20_LINES_37_MARKERS","NOT_TESTED","NOT_TESTED","Job SUCCESS; 3 screenshots and UIA; Save/Load not invoked; Robert original/copy SHA256 unchanged"
"52","Ricketts (13 F)","EDITOR_DEFINITION_LOADED_NOT_SAVED","37864557101","RAW_UIA_17_ROWS_13_FACTORS_17_LINES_36_MARKERS","NOT_TESTED","NOT_TESTED","Run success; unsaved editor, 4 heading rows excluded; original and copy checksums unchanged"
"53","Ricketts (32 F)","EDITOR_DEFINITION_LOADED_NOT_SAVED","37863549712","RAW_UIA_38_GRID_ROWS_32_FACTORS_22_LINES_41_MARKERS","NOT_TESTED","NOT_TESTED","Run passed; 6 headings excluded from 38 rows; screenshot/UIA and unchanged Robert hashes"
"54","Ricketts acc G. Samson","EDITOR_DEFINITION_LOADED_NOT_SAVED","37866339218","RAW_UIA_27_GRID_ROWS_22_FACTORS_26_LINES_41_MARKERS","NOT_TESTED","NOT_TESTED","Job success; 5 headings excluded; original and copy Robert SHA256 unchanged; editor Save and patient Load not invoked"
"55","Ricketts Summary","EDITOR_DEFINITION_LOADED_NOT_SAVED","37867888641","RAW_UIA_8_GRID_ROWS_8_FACTORS_4_LINES_29_MARKERS","NOT_TESTED","NOT_TESTED","Job success; exact editor, 3 screenshots, 6 offscreen markers; Robert original/copy SHA256 unchanged; Save and patient Load not invoked"
"56","Roth-Jarabak","EDITOR_DEFINITION_LOADED_NOT_SAVED","37868934136","RAW_UIA_33_GRID_ROWS_33_FACTORS_7_LINES_29_MARKERS","NOT_TESTED","NOT_TESTED","Verified job and ZIP; three screenshots; 10 measurement and 6 marker rows offscreen; unchanged original/copy Robert SHA256; editor Save/patient Load not invoked"
"57","Sato Denture Frame","EDITOR_DEFINITION_LOADED_NOT_SAVED","37885795048","RAW_UIA_13_FACTORS_10_LINES_35_MARKERS","NOT_TESTED","NOT_TESTED","Run SUCCESS; official Robert source and disposable copy SHA256 unchanged; screenshots and 3 strict UIA grids inspected; 12 markers offscreen; Save/patient Load not invoked; 3 structured CSVs archived and verified against strict UIA grids"
"58","Sato Denture Frame mod Kim","EDITOR_DEFINITION_LOADED_NOT_SAVED","37907174679","RAW_UIA_18_GRID_ROWS_17_FACTORS_1_HEADING_21_LINES_40_MARKERS","NOT_TESTED","NOT_TESTED","Job SUCCESS; 3 screenshots; 17 marker rows offscreen; original/copy Robert .fcd SHA256 unchanged; Save/Load never invoked. All 3 CSVs committed; marker source bytes 5423 and Git blob f09e9dec9c028719e1f483848f3843530572639d match uploaded original"
"59","Steiner","EDITOR_OBSERVED_UNSAVED_IN_PARTIAL_FAILURE","37857655276","RAW_UIA_TEXT_AND_SCREENSHOT_ONLY","NOT_TESTED","NOT_TESTED","Editor observed; source run overall failed"
"60","Trygde-analysen","EDITOR_DEFINITION_LOADED_NOT_SAVED","37908245978","RAW_UIA_3_FACTORS_2_LINES_9_MARKERS","NOT_TESTED","NOT_TESTED","Run success; exact editor; three screenshots and strict UIA grid CSVs archived; Save/editor and patient analysis Load never invoked; Robert source+copy SHA256 unchanged; no patient calculation tested"
"61","Tubingen","EDITOR_DEFINITION_LOADED_NOT_SAVED","37958732410","RAW_UIA_39_FACTORS_5_HEADINGS_9_LINES_32_MARKERS","NOT_TESTED","NOT_TESTED","Catalog exact Tubingen vs unsaved editor exact Tübingen alias verified in rerun 37958732410; Three active UIA grids/screenshots, 3 CSV archived in Library; original and copy Robert SHA256 stable; Save and patient Load not invoked; offscreen factors/markers 22/9; ZIP artifact 11631277115 SHA256 5818ca03021e4e5420d8506e7fb2d4cab7bf5f3614d81c9127352ba1e4013673; D3/clinical NOT_VERIFIED"
"62","Tweed","EDITOR_DEFINITION_LOADED_NOT_SAVED","37861203066","RAW_UIA_TEXT_AND_SCREENSHOT_ONLY","NOT_TESTED","NOT_TESTED","Unsaved editor probe only; not clinical execution"
"63","Wits appraisal","EDITOR_DEFINITION_LOADED_NOT_SAVED","37914739084","RAW_UIA_1_GRID_ROWS_1_FACTORS_0_HEADINGS_2_LINES_5_MARKERS","NOT_TESTED","NOT_TESTED","Read-only exact editor and 3 screenshots; 3 strict UIA CSV extracted into evidence bundle; offscreen 0 measurement/0 marker rows; source/copy Robert SHA256 unchanged; editor Save and patient Load not invoked; ZIP SHA256 003c386f136d82cc02f7cdd2c8d868a2d14b21cf89678c11072fbfc16aa0bc15; D3 isolation UNVERIFIED"
"64","Wylie","EDITOR_DEFINITION_LOADED_NOT_SAVED","37957532916","RAW_UIA_5_FACTORS_0_HEADINGS_2_LINES_28_MARKERS","NOT_TESTED","NOT_TESTED","Three active UIA grids/screenshots, 3 CSV archived in Library; original and copy Robert SHA256 stable; Save and patient Load not invoked; offscreen factors/markers 0/5; ZIP artifact 11631356112 SHA256 78e154649298e37fab5f535cf9bf398c3702c06b459965eb5ead24cb24413c6a; D3/clinical NOT_VERIFIED"
"65","Zurich","EDITOR_DEFINITION_LOADED_NOT_SAVED","37957532681","RAW_UIA_30_FACTORS_0_HEADINGS_15_LINES_39_MARKERS","NOT_TESTED","NOT_TESTED","Three active UIA grids/screenshots, 3 CSV archived in Library; original and copy Robert SHA256 stable; Save and patient Load not invoked; offscreen factors/markers 7/16; ZIP artifact 11631150646 SHA256 dec5cdbeffdd676d87ce20941341d496ea9c7f00e79da244e831827d0c74e745; D3/clinical NOT_VERIFIED"
