row_ordinal,analysis,tab,Ceph name,Type,Arg 1,Arg 2,Arg 3,Arg 4,Norm,Draw,Interpretation,uia_offscreen,evidence_level
1,Hasund,measurements,Sagittal relations,Heading,,,,,,,,False,EDITOR_UIA_TRANSCRIPTION_ONLY
2,Hasund,measurements,SNA,Angle3p,N,A,S,,82±3,,,False,EDITOR_UIA_TRANSCRIPTION_ONLY
3,Hasund,measurements,SNB,Angle3p,N,B,S,,80±3,,,False,EDITOR_UIA_TRANSCRIPTION_ONLY
4,Hasund,measurements,SNPog,Angle3p,N,Pog,S,,81±3,,,False,EDITOR_UIA_TRANSCRIPTION_ONLY
5,Hasund,measurements,ANB,Angle3p,N,A,B,,2±3,,,False,EDITOR_UIA_TRANSCRIPTION_ONLY
6,Hasund,measurements,Vertical relations,Heading,,,,,,,,False,EDITOR_UIA_TRANSCRIPTION_ONLY
7,Hasund,measurements,ML/NSL,Angle2ln,NSL,ML,,,29±4,,,False,EDITOR_UIA_TRANSCRIPTION_ONLY
8,Hasund,measurements,NL/NSL,Angle2ln,NSL,NL,,,7.5±3,,,False,EDITOR_UIA_TRANSCRIPTION_ONLY
9,Hasund,measurements,ML/NL,Angle2ln,NL,ML,,,19-22,,,False,EDITOR_UIA_TRANSCRIPTION_ONLY
10,Hasund,measurements,UFH,Dist2p,N,Sp',,,48-51,,,False,EDITOR_UIA_TRANSCRIPTION_ONLY
11,Hasund,measurements,LFH,Dist2p,Sp',Me,,,,,,False,EDITOR_UIA_TRANSCRIPTION_ONLY
12,Hasund,measurements,U:L Facial Hgh,Div,UFH,LFH,,,80±9,,,False,EDITOR_UIA_TRANSCRIPTION_ONLY
13,Hasund,measurements,Structural values,Heading,,,,,,,,False,EDITOR_UIA_TRANSCRIPTION_ONLY
14,Hasund,measurements,NSBa,Angle3p,S,N,Ba,,131±5,Lines,,False,EDITOR_UIA_TRANSCRIPTION_ONLY
15,Hasund,measurements,Gonial angle,Angle3p,tgo,Ar,Me,,126±10,Lines,,False,EDITOR_UIA_TRANSCRIPTION_ONLY
16,Hasund,measurements,Pog-NB,DistLine,NB,Pog,,,4±2,,,False,EDITOR_UIA_TRANSCRIPTION_ONLY
17,Hasund,measurements,Soft tissue,Heading,,,,,,,,False,EDITOR_UIA_TRANSCRIPTION_ONLY
18,Hasund,measurements,H angle,Angle2ln,NB,HL,,,8±3,,,False,EDITOR_UIA_TRANSCRIPTION_ONLY
19,Hasund,measurements,Nasolabial,Angle3p,SN,MS,Ls,,102±8,,,False,EDITOR_UIA_TRANSCRIPTION_ONLY
20,Hasund,measurements,Teeth position,Heading,,,,,,,,False,EDITOR_UIA_TRANSCRIPTION_ONLY
21,Hasund,measurements,InterIncisal,Angle4p,Iia,Ii,Isa,Is,130±10,Lines,,False,EDITOR_UIA_TRANSCRIPTION_ONLY
22,Hasund,measurements,ILs/NA,Angle4p,Is,Isa,A,N,22±3,,,False,EDITOR_UIA_TRANSCRIPTION_ONLY
23,Hasund,measurements,ILi/NB,Angle4p,B,N,Iia,Ii,25±3,,,False,EDITOR_UIA_TRANSCRIPTION_ONLY
24,Hasund,measurements,Is-NA,DistLine,NA,Is,,,4±2,,,True,EDITOR_UIA_TRANSCRIPTION_ONLY
25,Hasund,measurements,Ii-NB,DistLine,NB,Ii,,,4±2,,,True,EDITOR_UIA_TRANSCRIPTION_ONLY
26,Hasund,measurements,Regression analysis,Heading,,,,,,,,True,EDITOR_UIA_TRANSCRIPTION_ONLY
27,Hasund,measurements,k051,CephConstant,0.51,,,,,,,True,EDITOR_UIA_TRANSCRIPTION_ONLY
28,Hasund,measurements,k030,CephConstant,0.3,,,,,,,True,EDITOR_UIA_TRANSCRIPTION_ONLY
29,Hasund,measurements,k0084,CephConstant,0.084,,,,,,,True,EDITOR_UIA_TRANSCRIPTION_ONLY
30,Hasund,measurements,k104,CephConstant,10.4,,,,,,,True,EDITOR_UIA_TRANSCRIPTION_ONLY
31,Hasund,measurements,k13,CephConstant,1.3,,,,,,,True,EDITOR_UIA_TRANSCRIPTION_ONLY
32,Hasund,measurements,k105,CephConstant,10.5,,,,,,,True,EDITOR_UIA_TRANSCRIPTION_ONLY
33,Hasund,measurements,ANBx051,Mul,ANB,k051,,,,,,True,EDITOR_UIA_TRANSCRIPTION_ONLY
34,Hasund,measurements,Pog-NBx030,Mul,Pog-NB,k030,,,,,,True,EDITOR_UIA_TRANSCRIPTION_ONLY
35,Hasund,measurements,Pog-NBx13,Mul,Pog-NB,k13,,,,,,True,EDITOR_UIA_TRANSCRIPTION_ONLY
36,Hasund,measurements,FHx0084,Mul,U:L Facial Hgh,k0084,,,,,,True,EDITOR_UIA_TRANSCRIPTION_ONLY
37,Hasund,measurements,I-NB pr 1,Sub,ANBx051,Pog-NBx030,,,,,,True,EDITOR_UIA_TRANSCRIPTION_ONLY
38,Hasund,measurements,I-NB pr 2,Sub,k104,FHx0084,,,,,,True,EDITOR_UIA_TRANSCRIPTION_ONLY
39,Hasund,measurements,I-NB prog-reg,Add,I-NB pr 1,I-NB pr 2,,,,,,True,EDITOR_UIA_TRANSCRIPTION_ONLY
40,Hasund,measurements,Hv 1,Sub,ANB,Pog-NBx13,,,,,,True,EDITOR_UIA_TRANSCRIPTION_ONLY
41,Hasund,measurements,Holdaway prog-reg,Add,Hv 1,k105,,,,,,True,EDITOR_UIA_TRANSCRIPTION_ONLY
